Ticker,Nazwa,Cena,Data,Kurs odniesienia,Data początkowa,Data końcowa,Zmiana,Minimum,Maksimum,Średni,Wolumen obrotu,Średni wolumen,Obroty,Średnie obroty
ALIOR,Alior Bank SA (ALR),107.4,2025-05-12,93.4800(25-02-07),2025-02-10,2025-05-09,13.92,90.6800(25-03-04),123.9500(25-04-01),104.1884,43279576szt,698058szt,4415.162mln,71.212mln
ALLEGRO,Allegro.eu SA (ALE),33.89,2025-05-12,29.5700(25-02-07),2025-02-10,2025-05-09,4.32,27.4050(25-03-04),34.2000(25-04-29),30.9395,227019302szt,3661602szt,7032.739mln,113.431mln
BUDIMEX,Budimex SA (BDX),636.0,2025-05-12,525.5000(25-02-07),2025-02-10,2025-05-09,110.5,494.0000(25-04-07),664.0000(25-05-02),589.5726,7424484szt,119750szt,4269.108mln,68.857mln
CCC,CCC S.A. (CCC),242.6,2025-05-12,188.0000(25-02-07),2025-02-10,2025-05-09,54.6,173.9000(25-03-04),247.2000(25-04-29),210.7097,21503595szt,346832szt,4573.938mln,73.773mln
CDPROJEKT,CD Projekt SA (CDR),243.3,2025-05-12,216.6000(25-02-07),2025-02-10,2025-05-09,26.7,195.3000(25-04-07),257.8000(25-05-02),222.2839,19796860szt,319304szt,4361.144mln,70.341mln
DINOPL,Dino Polska SA (DNP),549.2,2025-05-12,459.3000(25-02-07),2025-02-10,2025-05-09,89.9,419.6000(25-04-07),560.8000(25-05-09),485.7161,17983359szt,290054szt,8718.367mln,140.619mln
KETY,Grupa Kęty SA (KTY),876.0,2025-05-12,800.5000(25-02-07),2025-02-10,2025-05-09,75.5,721.0000(25-04-07),894.5000(25-05-02),826.4516,954672szt,15398szt,787.593mln,12.703mln
KGHM,KGHM Polska Miedź SA (KGH),126.25,2025-05-12,132.3000(25-02-07),2025-02-10,2025-05-09,-6.05,100.0000(25-04-07),144.4500(25-02-10),128.1548,60045972szt,968483szt,7637.457mln,123.185mln
KRUK,Kruk SA (KRU),410.7,2025-05-12,437.8000(25-02-07),2025-02-10,2025-05-09,-27.1,344.1000(25-04-07),463.0000(25-02-18),401.0339,3336104szt,53808szt,1321.108mln,21.308mln
LPP,LPP SA (LPP),16400.0,2025-05-12,17300.0000(25-02-07),2025-02-10,2025-05-09,-900.0,14120.0000(25-04-07),18520.0000(25-02-26),17079.2742,329289szt,5311szt,5537.278mln,89.311mln
MBANK,mBank S.A. (MBK),817.8,2025-05-12,668.2000(25-02-07),2025-02-10,2025-05-09,149.6,652.0000(25-04-07),884.4000(25-04-29),778.471,2165827szt,34933szt,1671.284mln,26.956mln
ORANGEPL,Orange Polska S.A. (OPL),9.712,2025-05-12,7.9180(25-02-07),2025-02-10,2025-05-09,1.794,7.9120(25-02-10),9.8500(25-05-02),8.8849,87126027szt,1405259szt,772.178mln,12.454mln
PEKAO,Bank Polska Kasa Opieki SA (PEO),178.4,2025-05-12,164.3500(25-02-07),2025-02-10,2025-05-09,14.05,140.2000(25-04-07),194.8500(25-04-29),175.5298,67807994szt,1093677szt,11839.383mln,190.958mln
PEPCO,Pepco Group NV (PCO),18.615,2025-05-12,17.3650(25-02-07),2025-02-10,2025-05-09,1.25,12.6650(25-04-07),19.4900(25-03-06),16.5918,122030592szt,1968235szt,2026.018mln,32.678mln
PGE,Polska Grupa Energetyczna SA (PGE),8.836,2025-05-12,6.4820(25-02-07),2025-02-10,2025-05-09,2.354,6.4740(25-02-10),8.9100(25-05-09),7.6347,236741193szt,3818406szt,1810.335mln,29.199mln
PKNORLEN,ORLEN SA (PKN),72.27,2025-05-12,56.1400(25-02-07),2025-02-10,2025-05-09,16.13,56.0100(25-02-12),72.5600(25-05-09),65.1506,209211071szt,3374372szt,13614.378mln,219.587mln
PKOBP,Powszechna Kasa Oszczędności Bank Polski SA (PKO),78.28,2025-05-12,67.4800(25-02-07),2025-02-10,2025-05-09,10.8,59.4200(25-04-07),81.0800(25-03-18),72.5532,232304176szt,3746842szt,16748.948mln,270.144mln
PZU,Powszechny Zakład Ubezpieczeń SA (PZU),62.1,2025-05-12,51.0800(25-02-07),2025-02-10,2025-05-09,11.02,45.6000(25-04-07),62.6000(25-05-09),55.9232,122261076szt,1971953szt,6795.609mln,109.607mln
SANPL,Santander Bank Polska SA (SPL),547.2,2025-05-12,503.0000(25-02-07),2025-02-10,2025-05-09,44.2,458.3000(25-04-07),630.0000(25-04-28),550.2823,6836227szt,110262szt,3747.479mln,60.443mln
ZABKA,Grupa Żabka SA (ZAB),23.71,2025-05-12,22.8900(25-02-07),2025-02-10,2025-05-09,0.82,19.6250(25-04-07),23.9900(25-02-12),22.0212,160749236szt,2592730szt,3567.261mln,57.536mln
ALIOR,Alior Bank SA (ALR),107.3,2025-05-17,20:31:49,93.9200(25-02-14),2025-02-17,2025-05-16,13.38,90.6800(25-03-04),123.9500(25-04-01),105.1434,42386634szt,683655szt,4349.302mln,70.150mln
ALLEGRO,Allegro.eu SA (ALE),33.51,2025-05-17,20:31:51,30.9250(25-02-14),2025-02-17,2025-05-16,2.585,27.4050(25-03-04),35.2400(25-05-12),31.238,229832365szt,3706974szt,7178.249mln,115.778mln
BUDIMEX,Budimex SA (BDX),626.4,2025-05-17,20:31:52,554.5000(25-02-14),2025-02-17,2025-05-16,71.9,494.0000(25-04-07),664.0000(25-05-02),596.6242,7283009szt,117468szt,4237.764mln,68.351mln
CCC,CCC S.A. (CCC),233.6,2025-05-17,20:31:54,200.0000(25-02-14),2025-02-17,2025-05-16,33.6,173.9000(25-03-04),247.2000(25-04-29),213.1323,22943875szt,370063szt,4959.542mln,79.993mln
CDPROJEKT,CD Projekt SA (CDR),231.6,2025-05-17,20:31:56,226.8000(25-02-14),2025-02-17,2025-05-16,4.8,195.3000(25-04-07),257.8000(25-05-02),223.1919,19214205szt,309907szt,4239.297mln,68.376mln
DINOPL,Dino Polska SA (DNP),520.2,2025-05-17,20:31:58,472.9000(25-02-14),2025-02-17,2025-05-16,47.3,419.6000(25-04-07),562.0000(25-05-12),491.9274,18248401szt,294329szt,8924.371mln,143.941mln
KETY,Grupa Kęty SA (KTY),845.5,2025-05-17,20:32:01,799.5000(25-02-14),2025-02-17,2025-05-16,46.0,721.0000(25-04-07),895.0000(25-05-12),830.7581,941045szt,15178szt,780.171mln,12.583mln
KGHM,KGHM Polska Miedź SA (KGH),123.4,2025-05-17,20:32:02,136.8000(25-02-14),2025-02-17,2025-05-16,-13.4,100.0000(25-04-07),142.0000(25-03-25),127.3403,59518061szt,959969szt,7514.116mln,121.195mln
KRUK,Kruk SA (KRU),403.2,2025-05-17,20:32:05,446.6000(25-02-14),2025-02-17,2025-05-16,-43.4,344.1000(25-04-07),463.0000(25-02-18),397.8355,3379201szt,54503szt,1334.964mln,21.532mln
LPP,LPP SA (LPP),16150.0,2025-05-17,20:32:07,17810.0000(25-02-14),2025-02-17,2025-05-16,-1660.0,14120.0000(25-04-07),18520.0000(25-02-26),16979.8387,333777szt,5384szt,5580.858mln,90.014mln
MBANK,mBank S.A. (MBK),812.4,2025-05-17,20:32:09,708.4000(25-02-14),2025-02-17,2025-05-16,104.0,652.0000(25-04-07),884.4000(25-04-29),787.9097,2062504szt,33266szt,1611.565mln,25.993mln
ORANGEPL,Orange Polska S.A. (OPL),9.674,2025-05-17,20:32:12,8.4180(25-02-14),2025-02-17,2025-05-16,1.256,8.1540(25-02-28),9.9400(25-05-12),9.0025,85463520szt,1378444szt,765.034mln,12.339mln
PEKAO,Bank Polska Kasa Opieki SA (PEO),181.8,2025-05-17,20:32:15,172.3500(25-02-14),2025-02-17,2025-05-16,9.45,140.2000(25-04-07),194.8500(25-04-29),176.3452,65860169szt,1062261szt,11536.448mln,186.072mln
PEPCO,Pepco Group NV (PCO),18.355,2025-05-17,20:32:17,17.2000(25-02-14),2025-02-17,2025-05-16,1.155,12.6650(25-04-07),19.4900(25-03-06),16.6782,123230365szt,1987587szt,2054.537mln,33.138mln
PGE,Polska Grupa Energetyczna SA (PGE),9.594,2025-05-17,20:32:18,6.8000(25-02-14),2025-02-17,2025-05-16,2.794,6.7680(25-02-17),10.0600(25-05-16),7.832,246057960szt,3968677szt,1938.553mln,31.267mln
PKNORLEN,ORLEN SA (PKN),72.39,2025-05-17,20:32:20,57.5900(25-02-14),2025-02-17,2025-05-16,14.8,57.4400(25-02-17),73.6400(25-05-14),66.3811,208449113szt,3362082szt,13752.897mln,221.821mln
PKOBP,Powszechna Kasa Oszczędności Bank Polski SA (PKO),77.16,2025-05-17,20:32:22,70.2600(25-02-14),2025-02-17,2025-05-16,6.9,59.4200(25-04-07),81.0800(25-03-18),73.2313,220565310szt,3557505szt,16009.838mln,258.223mln
PZU,Powszechny Zakład Ubezpieczeń SA (PZU),63.32,2025-05-17,20:32:24,52.3000(25-02-14),2025-02-17,2025-05-16,11.02,45.6000(25-04-07),64.3800(25-05-16),56.7913,121753510szt,1963766szt,6850.038mln,110.484mln
SANPL,Santander Bank Polska SA (SPL),534.2,2025-05-17,20:32:27,525.2000(25-02-14),2025-02-17,2025-05-16,9.0,458.3000(25-04-07),630.0000(25-04-28),550.579,6850955szt,110499szt,3754.998mln,60.564mln
ZABKA,Grupa Żabka SA (ZAB),22.4,2025-05-17,20:32:29,22.4200(25-02-14),2025-02-17,2025-05-16,-0.02,19.6250(25-04-07),23.9000(25-05-12),22.0003,168187867szt,2712708szt,3735.018mln,60.242mln
ALIOR,Alior Bank SA (ALR),107.3,2025-05-17,20:34:59,93.9200(25-02-14),2025-02-17,2025-05-16,13.38,90.6800(25-03-04),123.9500(25-04-01),105.1434,42386634szt,683655szt,4349.302mln,70.150mln
ALLEGRO,Allegro.eu SA (ALE),33.51,2025-05-17,20:35:01,30.9250(25-02-14),2025-02-17,2025-05-16,2.585,27.4050(25-03-04),35.2400(25-05-12),31.238,229832365szt,3706974szt,7178.249mln,115.778mln
BUDIMEX,Budimex SA (BDX),626.4,2025-05-17,20:35:03,554.5000(25-02-14),2025-02-17,2025-05-16,71.9,494.0000(25-04-07),664.0000(25-05-02),596.6242,7283009szt,117468szt,4237.764mln,68.351mln
CCC,CCC S.A. (CCC),233.6,2025-05-17,20:35:05,200.0000(25-02-14),2025-02-17,2025-05-16,33.6,173.9000(25-03-04),247.2000(25-04-29),213.1323,22943875szt,370063szt,4959.542mln,79.993mln
CDPROJEKT,CD Projekt SA (CDR),231.6,2025-05-17,20:35:07,226.8000(25-02-14),2025-02-17,2025-05-16,4.8,195.3000(25-04-07),257.8000(25-05-02),223.1919,19214205szt,309907szt,4239.297mln,68.376mln
DINOPL,Dino Polska SA (DNP),520.2,2025-05-17,20:35:09,472.9000(25-02-14),2025-02-17,2025-05-16,47.3,419.6000(25-04-07),562.0000(25-05-12),491.9274,18248401szt,294329szt,8924.371mln,143.941mln
KETY,Grupa Kęty SA (KTY),845.5,2025-05-17,20:35:12,799.5000(25-02-14),2025-02-17,2025-05-16,46.0,721.0000(25-04-07),895.0000(25-05-12),830.7581,941045szt,15178szt,780.171mln,12.583mln
KGHM,KGHM Polska Miedź SA (KGH),123.4,2025-05-17,20:35:14,136.8000(25-02-14),2025-02-17,2025-05-16,-13.4,100.0000(25-04-07),142.0000(25-03-25),127.3403,59518061szt,959969szt,7514.116mln,121.195mln
KRUK,Kruk SA (KRU),403.2,2025-05-17,20:35:16,446.6000(25-02-14),2025-02-17,2025-05-16,-43.4,344.1000(25-04-07),463.0000(25-02-18),397.8355,3379201szt,54503szt,1334.964mln,21.532mln
LPP,LPP SA (LPP),16150.0,2025-05-17,20:35:19,17810.0000(25-02-14),2025-02-17,2025-05-16,-1660.0,14120.0000(25-04-07),18520.0000(25-02-26),16979.8387,333777szt,5384szt,5580.858mln,90.014mln
MBANK,mBank S.A. (MBK),812.4,2025-05-17,20:35:22,708.4000(25-02-14),2025-02-17,2025-05-16,104.0,652.0000(25-04-07),884.4000(25-04-29),787.9097,2062504szt,33266szt,1611.565mln,25.993mln
ORANGEPL,Orange Polska S.A. (OPL),9.674,2025-05-17,20:35:24,8.4180(25-02-14),2025-02-17,2025-05-16,1.256,8.1540(25-02-28),9.9400(25-05-12),9.0025,85463520szt,1378444szt,765.034mln,12.339mln
PEKAO,Bank Polska Kasa Opieki SA (PEO),181.8,2025-05-17,20:35:27,172.3500(25-02-14),2025-02-17,2025-05-16,9.45,140.2000(25-04-07),194.8500(25-04-29),176.3452,65860169szt,1062261szt,11536.448mln,186.072mln
PEPCO,Pepco Group NV (PCO),18.355,2025-05-17,20:35:29,17.2000(25-02-14),2025-02-17,2025-05-16,1.155,12.6650(25-04-07),19.4900(25-03-06),16.6782,123230365szt,1987587szt,2054.537mln,33.138mln
PGE,Polska Grupa Energetyczna SA (PGE),9.594,2025-05-17,20:35:31,6.8000(25-02-14),2025-02-17,2025-05-16,2.794,6.7680(25-02-17),10.0600(25-05-16),7.832,246057960szt,3968677szt,1938.553mln,31.267mln
PKNORLEN,ORLEN SA (PKN),72.39,2025-05-17,20:35:33,57.5900(25-02-14),2025-02-17,2025-05-16,14.8,57.4400(25-02-17),73.6400(25-05-14),66.3811,208449113szt,3362082szt,13752.897mln,221.821mln
PKOBP,Powszechna Kasa Oszczędności Bank Polski SA (PKO),77.16,2025-05-17,20:35:35,70.2600(25-02-14),2025-02-17,2025-05-16,6.9,59.4200(25-04-07),81.0800(25-03-18),73.2313,220565310szt,3557505szt,16009.838mln,258.223mln
PZU,Powszechny Zakład Ubezpieczeń SA (PZU),63.32,2025-05-17,20:35:38,52.3000(25-02-14),2025-02-17,2025-05-16,11.02,45.6000(25-04-07),64.3800(25-05-16),56.7913,121753510szt,1963766szt,6850.038mln,110.484mln
SANPL,Santander Bank Polska SA (SPL),534.2,2025-05-17,20:35:40,525.2000(25-02-14),2025-02-17,2025-05-16,9.0,458.3000(25-04-07),630.0000(25-04-28),550.579,6850955szt,110499szt,3754.998mln,60.564mln
ZABKA,Grupa Żabka SA (ZAB),22.4,2025-05-17,20:35:43,22.4200(25-02-14),2025-02-17,2025-05-16,-0.02,19.6250(25-04-07),23.9000(25-05-12),22.0003,168187867szt,2712708szt,3735.018mln,60.242mln
ALIOR,Alior Bank SA (ALR),107.3,2025-05-17,20:42:22,93.9200(25-02-14),2025-02-17,2025-05-16,13.38,90.6800(25-03-04),123.9500(25-04-01),105.1434,42386634szt,683655szt,4349.302mln,70.150mln
ALLEGRO,Allegro.eu SA (ALE),33.51,2025-05-17,20:42:24,30.9250(25-02-14),2025-02-17,2025-05-16,2.585,27.4050(25-03-04),35.2400(25-05-12),31.238,229832365szt,3706974szt,7178.249mln,115.778mln
BUDIMEX,Budimex SA (BDX),626.4,2025-05-17,20:42:26,554.5000(25-02-14),2025-02-17,2025-05-16,71.9,494.0000(25-04-07),664.0000(25-05-02),596.6242,7283009szt,117468szt,4237.764mln,68.351mln
CCC,CCC S.A. (CCC),233.6,2025-05-17,20:42:28,200.0000(25-02-14),2025-02-17,2025-05-16,33.6,173.9000(25-03-04),247.2000(25-04-29),213.1323,22943875szt,370063szt,4959.542mln,79.993mln
CDPROJEKT,CD Projekt SA (CDR),231.6,2025-05-17,20:42:29,226.8000(25-02-14),2025-02-17,2025-05-16,4.8,195.3000(25-04-07),257.8000(25-05-02),223.1919,19214205szt,309907szt,4239.297mln,68.376mln
DINOPL,Dino Polska SA (DNP),520.2,2025-05-17,20:42:31,472.9000(25-02-14),2025-02-17,2025-05-16,47.3,419.6000(25-04-07),562.0000(25-05-12),491.9274,18248401szt,294329szt,8924.371mln,143.941mln
KETY,Grupa Kęty SA (KTY),845.5,2025-05-17,20:42:33,799.5000(25-02-14),2025-02-17,2025-05-16,46.0,721.0000(25-04-07),895.0000(25-05-12),830.7581,941045szt,15178szt,780.171mln,12.583mln
KGHM,KGHM Polska Miedź SA (KGH),123.4,2025-05-17,20:42:35,136.8000(25-02-14),2025-02-17,2025-05-16,-13.4,100.0000(25-04-07),142.0000(25-03-25),127.3403,59518061szt,959969szt,7514.116mln,121.195mln
KRUK,Kruk SA (KRU),403.2,2025-05-17,20:42:37,446.6000(25-02-14),2025-02-17,2025-05-16,-43.4,344.1000(25-04-07),463.0000(25-02-18),397.8355,3379201szt,54503szt,1334.964mln,21.532mln
LPP,LPP SA (LPP),16150.0,2025-05-17,20:42:39,17810.0000(25-02-14),2025-02-17,2025-05-16,-1660.0,14120.0000(25-04-07),18520.0000(25-02-26),16979.8387,333777szt,5384szt,5580.858mln,90.014mln
MBANK,mBank S.A. (MBK),812.4,2025-05-17,20:42:42,708.4000(25-02-14),2025-02-17,2025-05-16,104.0,652.0000(25-04-07),884.4000(25-04-29),787.9097,2062504szt,33266szt,1611.565mln,25.993mln
ORANGEPL,Orange Polska S.A. (OPL),9.674,2025-05-17,20:42:45,8.4180(25-02-14),2025-02-17,2025-05-16,1.256,8.1540(25-02-28),9.9400(25-05-12),9.0025,85463520szt,1378444szt,765.034mln,12.339mln
PEKAO,Bank Polska Kasa Opieki SA (PEO),181.8,2025-05-17,20:42:48,172.3500(25-02-14),2025-02-17,2025-05-16,9.45,140.2000(25-04-07),194.8500(25-04-29),176.3452,65860169szt,1062261szt,11536.448mln,186.072mln
PEPCO,Pepco Group NV (PCO),18.355,2025-05-17,20:42:50,17.2000(25-02-14),2025-02-17,2025-05-16,1.155,12.6650(25-04-07),19.4900(25-03-06),16.6782,123230365szt,1987587szt,2054.537mln,33.138mln
PGE,Polska Grupa Energetyczna SA (PGE),9.594,2025-05-17,20:42:53,6.8000(25-02-14),2025-02-17,2025-05-16,2.794,6.7680(25-02-17),10.0600(25-05-16),7.832,246057960szt,3968677szt,1938.553mln,31.267mln
PKNORLEN,ORLEN SA (PKN),72.39,2025-05-17,20:42:56,57.5900(25-02-14),2025-02-17,2025-05-16,14.8,57.4400(25-02-17),73.6400(25-05-14),66.3811,208449113szt,3362082szt,13752.897mln,221.821mln
PKOBP,Powszechna Kasa Oszczędności Bank Polski SA (PKO),77.16,2025-05-17,20:42:59,70.2600(25-02-14),2025-02-17,2025-05-16,6.9,59.4200(25-04-07),81.0800(25-03-18),73.2313,220565310szt,3557505szt,16009.838mln,258.223mln
PZU,Powszechny Zakład Ubezpieczeń SA (PZU),63.32,2025-05-17,20:43:00,52.3000(25-02-14),2025-02-17,2025-05-16,11.02,45.6000(25-04-07),64.3800(25-05-16),56.7913,121753510szt,1963766szt,6850.038mln,110.484mln
SANPL,Santander Bank Polska SA (SPL),534.2,2025-05-17,20:43:03,525.2000(25-02-14),2025-02-17,2025-05-16,9.0,458.3000(25-04-07),630.0000(25-04-28),550.579,6850955szt,110499szt,3754.998mln,60.564mln
ZABKA,Grupa Żabka SA (ZAB),22.4,2025-05-17,20:43:06,22.4200(25-02-14),2025-02-17,2025-05-16,-0.02,19.6250(25-04-07),23.9000(25-05-12),22.0003,168187867szt,2712708szt,3735.018mln,60.242mln
ALIOR,Alior Bank SA (ALR),107.3,2025-05-17,20:43:42,93.9200(25-02-14),2025-02-17,2025-05-16,13.38,90.6800(25-03-04),123.9500(25-04-01),105.1434,42386634szt,683655szt,4349.302mln,70.150mln
ALLEGRO,Allegro.eu SA (ALE),33.51,2025-05-17,20:43:44,30.9250(25-02-14),2025-02-17,2025-05-16,2.585,27.4050(25-03-04),35.2400(25-05-12),31.238,229832365szt,3706974szt,7178.249mln,115.778mln
BUDIMEX,Budimex SA (BDX),626.4,2025-05-17,20:43:45,554.5000(25-02-14),2025-02-17,2025-05-16,71.9,494.0000(25-04-07),664.0000(25-05-02),596.6242,7283009szt,117468szt,4237.764mln,68.351mln
CCC,CCC S.A. (CCC),233.6,2025-05-17,20:43:48,200.0000(25-02-14),2025-02-17,2025-05-16,33.6,173.9000(25-03-04),247.2000(25-04-29),213.1323,22943875szt,370063szt,4959.542mln,79.993mln
CDPROJEKT,CD Projekt SA (CDR),231.6,2025-05-17,20:43:50,226.8000(25-02-14),2025-02-17,2025-05-16,4.8,195.3000(25-04-07),257.8000(25-05-02),223.1919,19214205szt,309907szt,4239.297mln,68.376mln
DINOPL,Dino Polska SA (DNP),520.2,2025-05-17,20:43:53,472.9000(25-02-14),2025-02-17,2025-05-16,47.3,419.6000(25-04-07),562.0000(25-05-12),491.9274,18248401szt,294329szt,8924.371mln,143.941mln
KETY,Grupa Kęty SA (KTY),845.5,2025-05-17,20:43:55,799.5000(25-02-14),2025-02-17,2025-05-16,46.0,721.0000(25-04-07),895.0000(25-05-12),830.7581,941045szt,15178szt,780.171mln,12.583mln
KGHM,KGHM Polska Miedź SA (KGH),123.4,2025-05-17,20:43:56,136.8000(25-02-14),2025-02-17,2025-05-16,-13.4,100.0000(25-04-07),142.0000(25-03-25),127.3403,59518061szt,959969szt,7514.116mln,121.195mln
KRUK,Kruk SA (KRU),403.2,2025-05-17,20:43:58,446.6000(25-02-14),2025-02-17,2025-05-16,-43.4,344.1000(25-04-07),463.0000(25-02-18),397.8355,3379201szt,54503szt,1334.964mln,21.532mln
LPP,LPP SA (LPP),16150.0,2025-05-17,20:44:00,17810.0000(25-02-14),2025-02-17,2025-05-16,-1660.0,14120.0000(25-04-07),18520.0000(25-02-26),16979.8387,333777szt,5384szt,5580.858mln,90.014mln
MBANK,mBank S.A. (MBK),812.4,2025-05-17,20:44:01,708.4000(25-02-14),2025-02-17,2025-05-16,104.0,652.0000(25-04-07),884.4000(25-04-29),787.9097,2062504szt,33266szt,1611.565mln,25.993mln
ORANGEPL,Orange Polska S.A. (OPL),9.674,2025-05-17,20:44:03,8.4180(25-02-14),2025-02-17,2025-05-16,1.256,8.1540(25-02-28),9.9400(25-05-12),9.0025,85463520szt,1378444szt,765.034mln,12.339mln
PEKAO,Bank Polska Kasa Opieki SA (PEO),181.8,2025-05-17,20:44:05,172.3500(25-02-14),2025-02-17,2025-05-16,9.45,140.2000(25-04-07),194.8500(25-04-29),176.3452,65860169szt,1062261szt,11536.448mln,186.072mln
PEPCO,Pepco Group NV (PCO),18.355,2025-05-17,20:44:06,17.2000(25-02-14),2025-02-17,2025-05-16,1.155,12.6650(25-04-07),19.4900(25-03-06),16.6782,123230365szt,1987587szt,2054.537mln,33.138mln
PGE,Polska Grupa Energetyczna SA (PGE),9.594,2025-05-17,20:44:16,6.8000(25-02-14),2025-02-17,2025-05-16,2.794,6.7680(25-02-17),10.0600(25-05-16),7.832,246057960szt,3968677szt,1938.553mln,31.267mln
PKNORLEN,ORLEN SA (PKN),72.39,2025-05-17,20:44:18,57.5900(25-02-14),2025-02-17,2025-05-16,14.8,57.4400(25-02-17),73.6400(25-05-14),66.3811,208449113szt,3362082szt,13752.897mln,221.821mln
PKOBP,Powszechna Kasa Oszczędności Bank Polski SA (PKO),77.16,2025-05-17,20:44:19,70.2600(25-02-14),2025-02-17,2025-05-16,6.9,59.4200(25-04-07),81.0800(25-03-18),73.2313,220565310szt,3557505szt,16009.838mln,258.223mln
PZU,Powszechny Zakład Ubezpieczeń SA (PZU),63.32,2025-05-17,20:44:22,52.3000(25-02-14),2025-02-17,2025-05-16,11.02,45.6000(25-04-07),64.3800(25-05-16),56.7913,121753510szt,1963766szt,6850.038mln,110.484mln
SANPL,Santander Bank Polska SA (SPL),534.2,2025-05-17,20:44:23,525.2000(25-02-14),2025-02-17,2025-05-16,9.0,458.3000(25-04-07),630.0000(25-04-28),550.579,6850955szt,110499szt,3754.998mln,60.564mln
ZABKA,Grupa Żabka SA (ZAB),22.4,2025-05-17,20:44:25,22.4200(25-02-14),2025-02-17,2025-05-16,-0.02,19.6250(25-04-07),23.9000(25-05-12),22.0003,168187867szt,2712708szt,3735.018mln,60.242mln
ALIOR,Alior Bank SA (ALR),106.7,2025-05-21,09:10:34,105.5,106.2,108.2,106.1,326455szt.,34957660.0,3061.0,10.68,123.1500(2025-04-01),85.8600(2024-11-19),ciągłe
ALLEGRO,Allegro.eu SA (ALE),33.8,2025-05-21,09:10:35,33.33,33.56,34.24,33.555,2926972szt.,99213672.0,10311.0,-12.99,40.0000(2024-05-24),25.6700(2025-01-13),ciągłe
BUDIMEX,Budimex SA (BDX),634.2,2025-05-21,09:10:38,624.2,631.2,644.6,630.6,64861szt.,41263992.0,6056.0,-16.88,799.0000(2024-05-22),440.4000(2024-12-17),ciągłe
CCC,CCC S.A. (CCC),226.7,2025-05-21,09:10:40,229.8,230.8,233.5,226.6,282676szt.,64742252.0,5161.0,66.45,244.5000(2025-04-29),114.5000(2024-07-02),ciągłe
CDPROJEKT,CD Projekt SA (CDR),229.9,2025-05-21,09:10:42,232.2,232.0,233.8,228.9,174804szt.,40225440.0,4337.0,61.16,257.6000(2025-05-02),130.3000(2024-05-29),ciągłe
DINOPL,Dino Polska SA (DNP),533.8,2025-05-21,09:10:43,532.4,533.0,537.0,528.2,157900szt.,83987200.0,4609.0,30.13,556.2000(2025-05-08),303.3000(2024-09-16),ciągłe
KETY,Grupa Kęty SA (KTY),852.0,2025-05-21,09:10:45,863.0,865.0,868.5,848.0,6540szt.,5605099.0,1230.0,-3.4,906.5000(2024-06-24),664.0000(2024-10-30),ciągłe
KGHM,KGHM Polska Miedź SA (KGH),123.6,2025-05-21,09:10:46,124.15,124.2,124.7,122.25,328080szt.,40467480.0,4597.0,-27.29,169.6500(2024-05-21),106.5000(2025-04-09),ciągłe
KRUK,Kruk SA (KRU),402.7,2025-05-21,09:10:49,404.1,404.2,407.5,400.0,16897szt.,6800968.0,1824.0,-14.68,476.8000(2024-07-09),352.0000(2025-04-09),ciągłe
LPP,LPP SA (LPP),15830.0,2025-05-21,09:10:52,15980.0,16005.0,16160.0,15830.0,3123szt.,49682960.0,1631.0,-9.28,18500.0000(2025-03-06),13670.0000(2024-09-11),ciągłe
MBANK,mBank S.A. (MBK),803.4,2025-05-21,09:10:55,806.6,790.0,816.4,790.0,12598szt.,10128635.0,1635.0,24.87,868.6000(2025-04-24),530.0000(2024-11-28),ciągłe
ORANGEPL,Orange Polska S.A. (OPL),9.888,2025-05-21,09:10:56,9.692,9.64,9.93,9.64,1441080szt.,14149012.0,2962.0,15.11,9.8880(2025-05-20),7.1500(2025-01-14),ciągłe
PEKAO,Bank Polska Kasa Opieki SA (PEO),181.5,2025-05-21,09:10:59,178.75,180.0,181.8,178.1,874959szt.,157895104.0,7591.0,12.18,192.6000(2025-04-29),135.6500(2024-11-29),ciągłe
PEPCO,Pepco Group NV (PCO),18.615,2025-05-21,09:11:01,18.3,18.3,18.765,18.2,1277561szt.,23706074.0,5719.0,-13.78,25.5000(2024-05-24),14.0250(2025-04-04),ciągłe
PGE,Polska Grupa Energetyczna SA (PGE),9.506,2025-05-21,09:11:03,9.476,9.4,9.67,9.3,2720996szt.,25948362.0,5833.0,22.85,9.5940(2025-05-16),5.8440(2024-12-19),ciągłe
PKNORLEN,ORLEN SA (PKN),72.99,2025-05-21,09:11:05,72.23,72.39,73.14,72.01,2702032szt.,196918672.0,12415.0,0.68,73.0000(2025-05-13),46.3200(2024-12-17),ciągłe
PKOBP,Powszechna Kasa Oszczędności Bank Polski SA (PKO),76.0,2025-05-21,09:11:06,75.6,76.18,76.8,75.62,2766085szt.,210513904.0,9878.0,32.87,80.0400(2025-03-18),49.8400(2024-08-07),ciągłe
PZU,Powszechny Zakład Ubezpieczeń SA (PZU),62.4,2025-05-21,09:11:09,62.56,62.5,63.14,61.8,2379550szt.,147979600.0,9920.0,12.96,63.3200(2025-05-16),39.1500(2024-09-16),ciągłe
SANPL,Santander Bank Polska SA (SPL),515.6,2025-05-21,09:11:11,512.0,513.0,521.0,513.0,97682szt.,50365572.0,4345.0,2.22,621.0000(2025-04-25),437.2000(2024-11-29),ciągłe
ZABKA,Grupa Żabka SA (ZAB),22.02,2025-05-21,09:11:13,22.2,22.2,22.32,21.87,1303248szt.,28749492.0,3557.0,-,24.7450(2025-01-17),17.9000(2024-11-25),ciągłe
ALIOR,Alior Bank SA (ALR),106.75,2025-05-21,09:55:29,106.7,107.5,107.6,106.3,6488szt.,692236.0,127.0,12.46,123.1500(2025-04-01),85.8600(2024-11-19),ciągłe
ALLEGRO,Allegro.eu SA (ALE),33.12,2025-05-21,09:55:31,33.8,33.45,33.45,32.68,328071szt.,10819838.0,1526.0,-12.3,40.0000(2024-05-24),25.6700(2025-01-13),ciągłe
BUDIMEX,Budimex SA (BDX),634.4,2025-05-21,09:55:33,634.2,636.0,638.2,634.4,470szt.,298998.0,57.0,-17.18,799.0000(2024-05-22),440.4000(2024-12-17),ciągłe
CCC,CCC S.A. (CCC),227.3,2025-05-21,09:55:34,226.7,227.4,230.6,226.7,46513szt.,10637605.0,635.0,66.4,244.5000(2025-04-29),114.5000(2024-07-02),ciągłe
CDPROJEKT,CD Projekt SA (CDR),227.8,2025-05-21,09:55:36,229.9,229.0,229.8,226.3,20381szt.,4630075.0,659.0,59.86,257.6000(2025-05-02),130.3000(2024-05-29),ciągłe
DINOPL,Dino Polska SA (DNP),527.0,2025-05-21,09:55:37,533.8,535.0,537.6,525.0,11604szt.,6125404.0,433.0,29.23,556.2000(2025-05-08),303.3000(2024-09-16),ciągłe
KETY,Grupa Kęty SA (KTY),850.0,2025-05-21,09:55:39,852.0,853.5,853.5,848.0,503szt.,427600.0,78.0,-3.4,906.5000(2024-06-24),664.0000(2024-10-30),ciągłe
KGHM,KGHM Polska Miedź SA (KGH),122.85,2025-05-21,09:55:41,123.6,124.0,124.2,122.45,31771szt.,3908108.0,600.0,-27.29,169.6500(2024-05-21),106.5000(2025-04-09),ciągłe
KRUK,Kruk SA (KRU),401.2,2025-05-21,09:55:42,402.7,404.0,404.0,400.7,1012szt.,406545.0,159.0,-14.68,476.8000(2024-07-09),352.0000(2025-04-09),ciągłe
LPP,LPP SA (LPP),15690.0,2025-05-21,09:55:44,15830.0,15870.0,15880.0,15675.0,123szt.,1935285.0,84.0,-9.28,18500.0000(2025-03-06),13670.0000(2024-09-11),ciągłe
MBANK,mBank S.A. (MBK),799.4,2025-05-21,09:55:47,803.4,801.0,801.2,794.6,430szt.,343133.0,106.0,24.87,868.6000(2025-04-24),530.0000(2024-11-28),ciągłe
ORANGEPL,Orange Polska S.A. (OPL),9.818,2025-05-21,09:55:49,9.888,9.93,9.93,9.81,9506szt.,93597.0,107.0,15.11,9.8880(2025-05-20),7.1500(2025-01-14),ciągłe
PEKAO,Bank Polska Kasa Opieki SA (PEO),181.4,2025-05-21,09:55:50,181.5,181.1,181.45,179.7,13063szt.,2365028.0,282.0,12.18,192.6000(2025-04-29),135.6500(2024-11-29),ciągłe
PEPCO,Pepco Group NV (PCO),18.44,2025-05-21,09:55:51,18.615,18.59,18.61,18.35,85569szt.,1578955.0,348.0,-13.78,25.5000(2024-05-24),14.0250(2025-04-04),ciągłe
PGE,Polska Grupa Energetyczna SA (PGE),9.34,2025-05-21,09:55:53,9.506,9.506,9.518,9.306,124247szt.,1165931.0,348.0,22.85,9.5940(2025-05-16),5.8440(2024-12-19),ciągłe
PKNORLEN,ORLEN SA (PKN),72.46,2025-05-21,09:55:55,72.99,72.61,72.79,72.26,136990szt.,9930802.0,1081.0,0.68,73.0000(2025-05-13),46.3200(2024-12-17),ciągłe
PKOBP,Powszechna Kasa Oszczędności Bank Polski SA (PKO),76.0,2025-05-21,09:55:56,76.0,75.8,76.24,75.52,113095szt.,8592444.0,678.0,32.87,80.0400(2025-03-18),49.8400(2024-08-07),ciągłe
PZU,Powszechny Zakład Ubezpieczeń SA (PZU),62.38,2025-05-21,09:55:58,62.4,62.5,62.5,62.18,29177szt.,1818460.0,367.0,12.96,63.3200(2025-05-16),39.1500(2024-09-16),ciągłe
SANPL,Santander Bank Polska SA (SPL),513.0,2025-05-21,09:56:00,515.6,515.0,515.0,506.2,2533szt.,1296980.0,161.0,2.22,621.0000(2025-04-25),437.2000(2024-11-29),ciągłe
ZABKA,Grupa Żabka SA (ZAB),22.33,2025-05-21,09:56:02,22.02,22.38,22.38,22.1,70200szt.,1563228.0,337.0,-,24.7450(2025-01-17),17.9000(2024-11-25),ciągłe
ALIOR,Alior Bank SA (ALR),106.4,2025-05-21,10:26:11,106.7,107.5,107.6,106.1,12807szt.,1363929.0,247.0,11.83,123.1500(2025-04-01),85.8600(2024-11-19),ciągłe
ALLEGRO,Allegro.eu SA (ALE),32.985,2025-05-21,10:26:12,33.8,33.45,33.45,32.68,494571szt.,16330573.0,2341.0,-12.36,40.0000(2024-05-24),25.6700(2025-01-13),ciągłe
BUDIMEX,Budimex SA (BDX),638.6,2025-05-21,10:26:14,634.2,636.0,640.0,634.0,3676szt.,2340590.0,266.0,-16.63,799.0000(2024-05-22),440.4000(2024-12-17),ciągłe
CCC,CCC S.A. (CCC),227.2,2025-05-21,10:26:15,226.7,227.4,230.6,226.7,57449szt.,13123896.0,858.0,66.33,244.5000(2025-04-29),114.5000(2024-07-02),ciągłe
CDPROJEKT,CD Projekt SA (CDR),228.4,2025-05-21,10:26:17,229.9,229.0,229.8,226.3,27451szt.,6247105.0,966.0,60.28,257.6000(2025-05-02),130.3000(2024-05-29),ciągłe
DINOPL,Dino Polska SA (DNP),527.8,2025-05-21,10:26:18,533.8,535.0,537.6,525.0,15219szt.,8031700.0,626.0,29.43,556.2000(2025-05-08),303.3000(2024-09-16),ciągłe
KETY,Grupa Kęty SA (KTY),850.0,2025-05-21,10:26:20,852.0,853.5,853.5,848.0,661szt.,561989.0,143.0,-3.4,906.5000(2024-06-24),664.0000(2024-10-30),ciągłe
KGHM,KGHM Polska Miedź SA (KGH),122.9,2025-05-21,10:26:21,123.6,124.0,124.2,122.45,49062szt.,6035472.0,986.0,-27.29,169.6500(2024-05-21),106.5000(2025-04-09),ciągłe
KRUK,Kruk SA (KRU),401.1,2025-05-21,10:26:23,402.7,404.0,404.0,400.5,1484szt.,595986.0,250.0,-14.68,476.8000(2024-07-09),352.0000(2025-04-09),ciągłe
LPP,LPP SA (LPP),15670.0,2025-05-21,10:26:25,15830.0,15870.0,15880.0,15660.0,196szt.,3080610.0,138.0,-9.28,18500.0000(2025-03-06),13670.0000(2024-09-11),ciągłe
MBANK,mBank S.A. (MBK),799.2,2025-05-21,10:26:26,803.4,801.0,801.2,794.6,875szt.,698552.0,214.0,24.87,868.6000(2025-04-24),530.0000(2024-11-28),ciągłe
ORANGEPL,Orange Polska S.A. (OPL),9.83,2025-05-21,10:26:29,9.888,9.93,9.93,9.806,33077szt.,325448.0,332.0,15.11,9.8880(2025-05-20),7.1500(2025-01-14),ciągłe
PEKAO,Bank Polska Kasa Opieki SA (PEO),180.6,2025-05-21,10:26:30,181.5,181.1,181.45,179.7,25945szt.,4693655.0,555.0,12.18,192.6000(2025-04-29),135.6500(2024-11-29),ciągłe
PEPCO,Pepco Group NV (PCO),18.405,2025-05-21,10:26:32,18.615,18.59,18.61,18.35,109197szt.,2014302.0,494.0,-13.78,25.5000(2024-05-24),14.0250(2025-04-04),ciągłe
PGE,Polska Grupa Energetyczna SA (PGE),9.388,2025-05-21,10:26:34,9.506,9.506,9.518,9.306,286904szt.,2687690.0,675.0,22.85,9.5940(2025-05-16),5.8440(2024-12-19),ciągłe
PKNORLEN,ORLEN SA (PKN),72.52,2025-05-21,10:26:35,72.99,72.61,72.79,72.26,206171szt.,14947771.0,1643.0,0.68,73.0000(2025-05-13),46.3200(2024-12-17),ciągłe
PKOBP,Powszechna Kasa Oszczędności Bank Polski SA (PKO),75.8,2025-05-21,10:26:37,76.0,75.8,76.24,75.52,286281szt.,21723820.0,1449.0,32.87,80.0400(2025-03-18),49.8400(2024-08-07),ciągłe
PZU,Powszechny Zakład Ubezpieczeń SA (PZU),62.18,2025-05-21,10:26:38,62.4,62.5,62.5,62.16,60380szt.,3761972.0,613.0,12.96,63.3200(2025-05-16),39.1500(2024-09-16),ciągłe
SANPL,Santander Bank Polska SA (SPL),508.6,2025-05-21,10:26:39,515.6,515.0,515.0,506.2,6191szt.,3164910.0,419.0,2.22,621.0000(2025-04-25),437.2000(2024-11-29),ciągłe
ZABKA,Grupa Żabka SA (ZAB),22.54,2025-05-21,10:26:41,22.02,22.38,22.62,22.1,221974szt.,4974742.0,690.0,-,24.7450(2025-01-17),17.9000(2024-11-25),ciągłe
ALIOR,Alior Bank SA (ALR),105.25,2025-05-21,10:56:51,106.7,107.5,107.6,104.8,26792szt.,2842171.0,506.0,11.09,123.1500(2025-04-01),85.8600(2024-11-19),ciągłe
ALLEGRO,Allegro.eu SA (ALE),32.86,2025-05-21,10:56:53,33.8,33.45,33.45,32.68,740089szt.,24409154.0,3362.0,-12.69,40.0000(2024-05-24),25.6700(2025-01-13),ciągłe
BUDIMEX,Budimex SA (BDX),641.2,2025-05-21,10:56:54,634.2,636.0,646.2,634.0,12543szt.,8030105.0,885.0,-16.29,799.0000(2024-05-22),440.4000(2024-12-17),ciągłe
CCC,CCC S.A. (CCC),229.2,2025-05-21,10:56:56,226.7,227.4,230.6,226.7,84201szt.,19220696.0,1317.0,67.79,244.5000(2025-04-29),114.5000(2024-07-02),ciągłe
CDPROJEKT,CD Projekt SA (CDR),227.3,2025-05-21,10:56:57,229.9,229.0,229.8,226.3,35772szt.,8140092.0,1383.0,59.51,257.6000(2025-05-02),130.3000(2024-05-29),ciągłe
DINOPL,Dino Polska SA (DNP),527.4,2025-05-21,10:56:59,533.8,535.0,537.6,525.0,24731szt.,13056939.0,1035.0,29.33,556.2000(2025-05-08),303.3000(2024-09-16),ciągłe
KETY,Grupa Kęty SA (KTY),839.5,2025-05-21,10:57:01,852.0,853.5,853.5,838.0,1683szt.,1423454.0,394.0,-4.55,906.5000(2024-06-24),664.0000(2024-10-30),ciągłe
KGHM,KGHM Polska Miedź SA (KGH),122.6,2025-05-21,10:57:03,123.6,124.0,124.2,122.15,74505szt.,9154908.0,1673.0,-27.59,169.6500(2024-05-21),106.5000(2025-04-09),ciągłe
KRUK,Kruk SA (KRU),398.7,2025-05-21,10:57:05,402.7,404.0,404.0,396.0,4160szt.,1663484.0,544.0,-14.24,476.8000(2024-07-09),352.0000(2025-04-09),ciągłe
LPP,LPP SA (LPP),15650.0,2025-05-21,10:57:07,15830.0,15870.0,15880.0,15570.0,353szt.,5536565.0,269.0,-10.06,18500.0000(2025-03-06),13670.0000(2024-09-11),ciągłe
MBANK,mBank S.A. (MBK),795.0,2025-05-21,10:57:08,803.4,801.0,802.6,790.6,2175szt.,1731763.0,479.0,25.35,868.6000(2025-04-24),530.0000(2024-11-28),ciągłe
ORANGEPL,Orange Polska S.A. (OPL),9.826,2025-05-21,10:57:11,9.888,9.93,9.93,9.768,118621szt.,1166736.0,806.0,15.44,9.8880(2025-05-20),7.1500(2025-01-14),ciągłe
PEKAO,Bank Polska Kasa Opieki SA (PEO),178.75,2025-05-21,10:57:13,181.5,181.1,181.45,178.75,74745szt.,13488010.0,1300.0,14.86,192.6000(2025-04-29),135.6500(2024-11-29),ciągłe
PEPCO,Pepco Group NV (PCO),18.38,2025-05-21,10:57:14,18.615,18.59,18.61,18.32,172535szt.,3180807.0,875.0,-14.35,25.5000(2024-05-24),14.0250(2025-04-04),ciągłe
PGE,Polska Grupa Energetyczna SA (PGE),9.4,2025-05-21,10:57:18,9.506,9.506,9.518,9.306,477664szt.,4479232.0,1156.0,21.97,9.5940(2025-05-16),5.8440(2024-12-19),ciągłe
PKNORLEN,ORLEN SA (PKN),72.21,2025-05-21,10:57:19,72.99,72.61,72.79,72.12,351735szt.,25486178.0,2763.0,-1.06,73.0000(2025-05-13),46.3200(2024-12-17),ciągłe
PKOBP,Powszechna Kasa Oszczędności Bank Polski SA (PKO),75.18,2025-05-21,10:57:23,76.0,75.8,76.24,75.14,518853szt.,39322484.0,2879.0,31.57,80.0400(2025-03-18),49.8400(2024-08-07),ciągłe
PZU,Powszechny Zakład Ubezpieczeń SA (PZU),61.24,2025-05-21,10:57:25,62.4,62.5,62.5,61.2,211921szt.,13100443.0,1512.0,15.67,63.3200(2025-05-16),39.1500(2024-09-16),ciągłe
SANPL,Santander Bank Polska SA (SPL),504.6,2025-05-21,10:57:26,515.6,515.0,515.0,502.4,14600szt.,7421887.0,861.0,-1.25,621.0000(2025-04-25),437.2000(2024-11-29),ciągłe
ZABKA,Grupa Żabka SA (ZAB),22.65,2025-05-21,10:57:28,22.02,22.38,22.77,22.1,386839szt.,8713865.0,1172.0,-,24.7450(2025-01-17),17.9000(2024-11-25),ciągłe
ALIOR,Alior Bank SA (ALR),105.25,2025-05-21,11:27:38,106.7,107.5,107.6,104.7,36110szt.,3821003.0,688.0,10.88,123.1500(2025-04-01),85.8600(2024-11-19),ciągłe
ALLEGRO,Allegro.eu SA (ALE),32.68,2025-05-21,11:27:40,33.8,33.45,33.45,32.57,1011996szt.,33297882.0,4346.0,-13.15,40.0000(2024-05-24),25.6700(2025-01-13),ciągłe
BUDIMEX,Budimex SA (BDX),641.2,2025-05-21,11:27:42,634.2,636.0,646.2,634.0,16580szt.,10616233.0,1180.0,-16.29,799.0000(2024-05-22),440.4000(2024-12-17),ciągłe
CCC,CCC S.A. (CCC),228.6,2025-05-21,11:27:44,226.7,227.4,230.6,226.7,98149szt.,22411222.0,1608.0,67.28,244.5000(2025-04-29),114.5000(2024-07-02),ciągłe
CDPROJEKT,CD Projekt SA (CDR),227.0,2025-05-21,11:27:45,229.9,229.0,229.8,226.3,40871szt.,9296000.0,1619.0,59.3,257.6000(2025-05-02),130.3000(2024-05-29),ciągłe
DINOPL,Dino Polska SA (DNP),526.0,2025-05-21,11:27:47,533.8,535.0,537.6,525.0,31500szt.,16627122.0,1298.0,29.13,556.2000(2025-05-08),303.3000(2024-09-16),ciągłe
KETY,Grupa Kęty SA (KTY),837.5,2025-05-21,11:27:48,852.0,853.5,853.5,836.5,2330szt.,1965710.0,531.0,-4.94,906.5000(2024-06-24),664.0000(2024-10-30),ciągłe
KGHM,KGHM Polska Miedź SA (KGH),122.45,2025-05-21,11:27:50,123.6,124.0,124.2,122.0,96400szt.,11831717.0,2186.0,-27.91,169.6500(2024-05-21),106.5000(2025-04-09),ciągłe
KRUK,Kruk SA (KRU),398.4,2025-05-21,11:27:51,402.7,404.0,404.0,396.0,5198szt.,2076700.0,694.0,-14.37,476.8000(2024-07-09),352.0000(2025-04-09),ciągłe
LPP,LPP SA (LPP),15590.0,2025-05-21,11:27:53,15830.0,15870.0,15880.0,15555.0,478szt.,7485745.0,366.0,-10.34,18500.0000(2025-03-06),13670.0000(2024-09-11),ciągłe
MBANK,mBank S.A. (MBK),793.2,2025-05-21,11:27:55,803.4,801.0,802.6,790.2,2865szt.,2278067.0,607.0,25.13,868.6000(2025-04-24),530.0000(2024-11-28),ciągłe
ORANGEPL,Orange Polska S.A. (OPL),9.838,2025-05-21,11:27:57,9.888,9.93,9.93,9.768,171992szt.,1690682.0,1036.0,15.27,9.8880(2025-05-20),7.1500(2025-01-14),ciągłe
PEKAO,Bank Polska Kasa Opieki SA (PEO),178.35,2025-05-21,11:27:59,181.5,181.1,181.45,177.7,103755szt.,18654090.0,1927.0,13.93,192.6000(2025-04-29),135.6500(2024-11-29),ciągłe
PEPCO,Pepco Group NV (PCO),18.42,2025-05-21,11:28:01,18.615,18.59,18.61,18.32,191947szt.,3537682.0,1046.0,-14.45,25.5000(2024-05-24),14.0250(2025-04-04),ciągłe
PGE,Polska Grupa Energetyczna SA (PGE),9.378,2025-05-21,11:28:02,9.506,9.506,9.518,9.306,618966szt.,5805005.0,1477.0,22.2,9.5940(2025-05-16),5.8440(2024-12-19),ciągłe
PKNORLEN,ORLEN SA (PKN),72.4,2025-05-21,11:28:04,72.99,72.61,72.79,72.12,422913szt.,30628124.0,3392.0,-1.07,73.0000(2025-05-13),46.3200(2024-12-17),ciągłe
PKOBP,Powszechna Kasa Oszczędności Bank Polski SA (PKO),75.0,2025-05-21,11:28:06,76.0,75.8,76.24,74.5,672042szt.,50787484.0,3717.0,31.19,80.0400(2025-03-18),49.8400(2024-08-07),ciągłe
PZU,Powszechny Zakład Ubezpieczeń SA (PZU),60.8,2025-05-21,11:28:07,62.4,62.5,62.5,60.56,418470szt.,25682518.0,2477.0,15.1,63.3200(2025-05-16),39.1500(2024-09-16),ciągłe
SANPL,Santander Bank Polska SA (SPL),505.6,2025-05-21,11:28:09,515.6,515.0,515.0,502.4,20328szt.,10311396.0,1192.0,-1.68,621.0000(2025-04-25),437.2000(2024-11-29),ciągłe
ZABKA,Grupa Żabka SA (ZAB),22.7,2025-05-21,11:28:11,22.02,22.38,22.77,22.1,479141szt.,10806967.0,1477.0,-,24.7450(2025-01-17),17.9000(2024-11-25),ciągłe
ALIOR,Alior Bank SA (ALR),105.15,2025-05-21,11:58:20,106.7,107.5,107.6,104.7,42351szt.,4477780.0,832.0,10.78,123.1500(2025-04-01),85.8600(2024-11-19),ciągłe
ALLEGRO,Allegro.eu SA (ALE),32.65,2025-05-21,11:58:24,33.8,33.45,33.45,32.56,1148537szt.,37757244.0,5051.0,-13.38,40.0000(2024-05-24),25.6700(2025-01-13),ciągłe
BUDIMEX,Budimex SA (BDX),635.0,2025-05-21,11:58:26,634.2,636.0,646.2,634.0,19282szt.,12339689.0,1363.0,-17.1,799.0000(2024-05-22),440.4000(2024-12-17),ciągłe
CCC,CCC S.A. (CCC),228.2,2025-05-21,11:58:28,226.7,227.4,230.6,226.7,111235szt.,25397768.0,1870.0,66.84,244.5000(2025-04-29),114.5000(2024-07-02),ciągłe
CDPROJEKT,CD Projekt SA (CDR),226.7,2025-05-21,11:58:30,229.9,229.0,229.8,226.3,45213szt.,10280838.0,1830.0,59.02,257.6000(2025-05-02),130.3000(2024-05-29),ciągłe
DINOPL,Dino Polska SA (DNP),525.4,2025-05-21,11:58:32,533.8,535.0,537.6,525.0,34426szt.,18166104.0,1434.0,28.84,556.2000(2025-05-08),303.3000(2024-09-16),ciągłe
KETY,Grupa Kęty SA (KTY),840.5,2025-05-21,11:58:34,852.0,853.5,853.5,836.5,2779szt.,2342197.0,648.0,-4.94,906.5000(2024-06-24),664.0000(2024-10-30),ciągłe
KGHM,KGHM Polska Miedź SA (KGH),122.3,2025-05-21,11:58:35,123.6,124.0,124.2,122.0,121127szt.,14852773.0,2721.0,-27.91,169.6500(2024-05-21),106.5000(2025-04-09),ciągłe
KRUK,Kruk SA (KRU),398.3,2025-05-21,11:58:37,402.7,404.0,404.0,396.0,5737szt.,2291312.0,806.0,-14.37,476.8000(2024-07-09),352.0000(2025-04-09),ciągłe
LPP,LPP SA (LPP),15625.0,2025-05-21,11:58:38,15830.0,15870.0,15880.0,15555.0,576szt.,9014325.0,447.0,-10.34,18500.0000(2025-03-06),13670.0000(2024-09-11),ciągłe
MBANK,mBank S.A. (MBK),795.2,2025-05-21,11:58:40,803.4,801.0,802.6,790.2,3363szt.,2673683.0,775.0,25.13,868.6000(2025-04-24),530.0000(2024-11-28),ciągłe
ORANGEPL,Orange Polska S.A. (OPL),9.844,2025-05-21,11:58:43,9.888,9.93,9.93,9.768,186086szt.,1829340.0,1179.0,15.27,9.8880(2025-05-20),7.1500(2025-01-14),ciągłe
PEKAO,Bank Polska Kasa Opieki SA (PEO),178.6,2025-05-21,11:58:45,181.5,181.1,181.45,177.7,129093szt.,23172408.0,2481.0,13.93,192.6000(2025-04-29),135.6500(2024-11-29),ciągłe
PEPCO,Pepco Group NV (PCO),18.375,2025-05-21,11:58:46,18.615,18.59,18.61,18.32,212066szt.,3907632.0,1197.0,-14.45,25.5000(2024-05-24),14.0250(2025-04-04),ciągłe
PGE,Polska Grupa Energetyczna SA (PGE),9.418,2025-05-21,11:58:48,9.506,9.506,9.518,9.306,800163szt.,7512142.0,1959.0,22.2,9.5940(2025-05-16),5.8440(2024-12-19),ciągłe
PKNORLEN,ORLEN SA (PKN),72.09,2025-05-21,11:58:50,72.99,72.61,72.79,72.05,593257szt.,42934132.0,4376.0,-1.07,73.0000(2025-05-13),46.3200(2024-12-17),ciągłe
PKOBP,Powszechna Kasa Oszczędności Bank Polski SA (PKO),74.92,2025-05-21,11:58:51,76.0,75.8,76.24,74.5,763679szt.,57660660.0,4251.0,31.19,80.0400(2025-03-18),49.8400(2024-08-07),ciągłe
PZU,Powszechny Zakład Ubezpieczeń SA (PZU),60.74,2025-05-21,11:58:53,62.4,62.5,62.5,60.56,499070szt.,30575824.0,2992.0,15.1,63.3200(2025-05-16),39.1500(2024-09-16),ciągłe
SANPL,Santander Bank Polska SA (SPL),506.4,2025-05-21,11:58:55,515.6,515.0,515.0,502.4,22722szt.,11521791.0,1399.0,-1.68,621.0000(2025-04-25),437.2000(2024-11-29),ciągłe
ZABKA,Grupa Żabka SA (ZAB),22.58,2025-05-21,11:58:57,22.02,22.38,22.77,22.1,572228szt.,12917554.0,1740.0,-,24.7450(2025-01-17),17.9000(2024-11-25),ciągłe
ALIOR,Alior Bank SA (ALR),104.75,2025-05-21,12:29:07,106.7,107.5,107.6,104.65,50003szt.,5279749.0,967.0,10.46,123.1500(2025-04-01),85.8600(2024-11-19),ciągłe
ALLEGRO,Allegro.eu SA (ALE),32.675,2025-05-21,12:29:10,33.8,33.45,33.45,32.56,1311859szt.,43095700.0,5598.0,-13.17,40.0000(2024-05-24),25.6700(2025-01-13),ciągłe
BUDIMEX,Budimex SA (BDX),637.0,2025-05-21,12:29:11,634.2,636.0,646.2,633.6,22027szt.,14087331.0,1537.0,-16.84,799.0000(2024-05-22),440.4000(2024-12-17),ciągłe
CCC,CCC S.A. (CCC),226.9,2025-05-21,12:29:13,226.7,227.4,230.6,226.6,125884szt.,28728318.0,2117.0,66.03,244.5000(2025-04-29),114.5000(2024-07-02),ciągłe
CDPROJEKT,CD Projekt SA (CDR),226.9,2025-05-21,12:29:14,229.9,229.0,229.8,226.3,49429szt.,11236660.0,2017.0,59.23,257.6000(2025-05-02),130.3000(2024-05-29),ciągłe
DINOPL,Dino Polska SA (DNP),523.8,2025-05-21,12:29:16,533.8,535.0,537.6,522.8,37648szt.,19854440.0,1635.0,28.35,556.2000(2025-05-08),303.3000(2024-09-16),ciągłe
KETY,Grupa Kęty SA (KTY),836.5,2025-05-21,12:29:18,852.0,853.5,853.5,836.5,3097szt.,2608876.0,732.0,-4.94,906.5000(2024-06-24),664.0000(2024-10-30),ciągłe
KGHM,KGHM Polska Miedź SA (KGH),121.9,2025-05-21,12:29:20,123.6,124.0,124.2,121.9,138252szt.,16942862.0,3122.0,-27.91,169.6500(2024-05-21),106.5000(2025-04-09),ciągłe
KRUK,Kruk SA (KRU),397.3,2025-05-21,12:29:21,402.7,404.0,404.0,396.0,6498szt.,2593891.0,916.0,-14.37,476.8000(2024-07-09),352.0000(2025-04-09),ciągłe
LPP,LPP SA (LPP),15575.0,2025-05-21,12:29:23,15830.0,15870.0,15880.0,15555.0,671szt.,10496435.0,520.0,-10.34,18500.0000(2025-03-06),13670.0000(2024-09-11),ciągłe
MBANK,mBank S.A. (MBK),792.0,2025-05-21,12:29:24,803.4,801.0,802.6,790.2,4005szt.,3182567.0,1054.0,25.13,868.6000(2025-04-24),530.0000(2024-11-28),ciągłe
ORANGEPL,Orange Polska S.A. (OPL),9.842,2025-05-21,12:29:26,9.888,9.93,9.93,9.768,204935szt.,2014851.0,1373.0,15.27,9.8880(2025-05-20),7.1500(2025-01-14),ciągłe
PEKAO,Bank Polska Kasa Opieki SA (PEO),178.05,2025-05-21,12:29:27,181.5,181.1,181.45,177.5,167563szt.,30022726.0,2983.0,13.93,192.6000(2025-04-29),135.6500(2024-11-29),ciągłe
PEPCO,Pepco Group NV (PCO),18.295,2025-05-21,12:29:29,18.615,18.59,18.61,18.295,250656szt.,4614989.0,1421.0,-14.45,25.5000(2024-05-24),14.0250(2025-04-04),ciągłe
PGE,Polska Grupa Energetyczna SA (PGE),9.37,2025-05-21,12:29:30,9.506,9.506,9.518,9.306,857930szt.,8054995.0,2133.0,22.2,9.5940(2025-05-16),5.8440(2024-12-19),ciągłe
PKNORLEN,ORLEN SA (PKN),71.92,2025-05-21,12:29:32,72.99,72.61,72.79,71.76,691817szt.,50025024.0,5022.0,-1.07,73.0000(2025-05-13),46.3200(2024-12-17),ciągłe
PKOBP,Powszechna Kasa Oszczędności Bank Polski SA (PKO),74.78,2025-05-21,12:29:34,76.0,75.8,76.24,74.5,838183szt.,63237340.0,4730.0,31.19,80.0400(2025-03-18),49.8400(2024-08-07),ciągłe
PZU,Powszechny Zakład Ubezpieczeń SA (PZU),60.62,2025-05-21,12:29:35,62.4,62.5,62.5,60.56,543939szt.,33301392.0,3318.0,15.1,63.3200(2025-05-16),39.1500(2024-09-16),ciągłe
SANPL,Santander Bank Polska SA (SPL),502.0,2025-05-21,12:29:38,515.6,515.0,515.0,501.2,26083szt.,13213278.0,1685.0,-1.68,621.0000(2025-04-25),437.2000(2024-11-29),ciągłe
ZABKA,Grupa Żabka SA (ZAB),22.64,2025-05-21,12:29:40,22.02,22.38,22.77,22.1,659242szt.,14888220.0,2004.0,-,24.7450(2025-01-17),17.9000(2024-11-25),ciągłe
ALIOR,Alior Bank SA (ALR),105.05,2025-05-21,12:59:49,106.7,107.5,107.6,104.65,61306szt.,6465257.0,1103.0,10.51,123.1500(2025-04-01),85.8600(2024-11-19),ciągłe
ALLEGRO,Allegro.eu SA (ALE),32.765,2025-05-21,12:59:51,33.8,33.45,33.45,32.56,1431553szt.,47014604.0,6071.0,-12.94,40.0000(2024-05-24),25.6700(2025-01-13),ciągłe
BUDIMEX,Budimex SA (BDX),637.0,2025-05-21,12:59:53,634.2,636.0,646.2,633.6,23195szt.,14831038.0,1615.0,-16.84,799.0000(2024-05-22),440.4000(2024-12-17),ciągłe
CCC,CCC S.A. (CCC),229.1,2025-05-21,12:59:55,226.7,227.4,230.6,226.6,169434szt.,38675248.0,2309.0,67.35,244.5000(2025-04-29),114.5000(2024-07-02),ciągłe
CDPROJEKT,CD Projekt SA (CDR),227.2,2025-05-21,12:59:57,229.9,229.0,229.8,226.3,52983szt.,12044008.0,2202.0,59.44,257.6000(2025-05-02),130.3000(2024-05-29),ciągłe
DINOPL,Dino Polska SA (DNP),524.0,2025-05-21,12:59:58,533.8,535.0,537.6,522.8,39043szt.,20585264.0,1735.0,28.54,556.2000(2025-05-08),303.3000(2024-09-16),ciągłe
KETY,Grupa Kęty SA (KTY),839.0,2025-05-21,13:00:01,852.0,853.5,853.5,836.0,3324szt.,2799054.0,794.0,-4.83,906.5000(2024-06-24),664.0000(2024-10-30),ciągłe
KGHM,KGHM Polska Miedź SA (KGH),122.25,2025-05-21,13:00:03,123.6,124.0,124.2,121.9,155873szt.,19096810.0,3399.0,-27.94,169.6500(2024-05-21),106.5000(2025-04-09),ciągłe
KRUK,Kruk SA (KRU),396.8,2025-05-21,13:00:04,402.7,404.0,404.0,396.0,7301szt.,2912602.0,1010.0,-14.65,476.8000(2024-07-09),352.0000(2025-04-09),ciągłe
LPP,LPP SA (LPP),15525.0,2025-05-21,13:00:06,15830.0,15870.0,15880.0,15515.0,831szt.,12982525.0,637.0,-10.78,18500.0000(2025-03-06),13670.0000(2024-09-11),ciągłe
MBANK,mBank S.A. (MBK),795.0,2025-05-21,13:00:08,803.4,801.0,802.6,790.2,5067szt.,4025243.0,1246.0,25.35,868.6000(2025-04-24),530.0000(2024-11-28),ciągłe
ORANGEPL,Orange Polska S.A. (OPL),9.858,2025-05-21,13:00:09,9.888,9.93,9.93,9.768,222716szt.,2190087.0,1491.0,15.84,9.8880(2025-05-20),7.1500(2025-01-14),ciągłe
PEKAO,Bank Polska Kasa Opieki SA (PEO),177.85,2025-05-21,13:00:11,181.5,181.1,181.45,177.5,207816szt.,37185712.0,3426.0,13.93,192.6000(2025-04-29),135.6500(2024-11-29),ciągłe
PEPCO,Pepco Group NV (PCO),18.34,2025-05-21,13:00:14,18.615,18.59,18.61,18.27,271861szt.,5003251.0,1561.0,-14.54,25.5000(2024-05-24),14.0250(2025-04-04),ciągłe
PGE,Polska Grupa Energetyczna SA (PGE),9.38,2025-05-21,13:00:15,9.506,9.506,9.518,9.306,1077943szt.,10121158.0,2459.0,21.91,9.5940(2025-05-16),5.8440(2024-12-19),ciągłe
PKNORLEN,ORLEN SA (PKN),71.81,2025-05-21,13:00:17,72.99,72.61,72.79,71.72,755442szt.,54596152.0,5627.0,-1.56,73.0000(2025-05-13),46.3200(2024-12-17),ciągłe
PKOBP,Powszechna Kasa Oszczędności Bank Polski SA (PKO),74.82,2025-05-21,13:00:19,76.0,75.8,76.24,74.5,932639szt.,70307048.0,5113.0,31.01,80.0400(2025-03-18),49.8400(2024-08-07),ciągłe
PZU,Powszechny Zakład Ubezpieczeń SA (PZU),60.36,2025-05-21,13:00:20,62.4,62.5,62.5,60.32,620134szt.,37910824.0,3824.0,13.93,63.3200(2025-05-16),39.1500(2024-09-16),ciągłe
SANPL,Santander Bank Polska SA (SPL),501.8,2025-05-21,13:00:22,515.6,515.0,515.0,501.2,28651szt.,14503198.0,1855.0,-1.99,621.0000(2025-04-25),437.2000(2024-11-29),ciągłe
ZABKA,Grupa Żabka SA (ZAB),22.47,2025-05-21,13:00:39,22.02,22.38,22.77,22.1,965838szt.,21813932.0,2475.0,-,24.7450(2025-01-17),17.9000(2024-11-25),ciągłe
ALIOR,Alior Bank SA (ALR),105.45,2025-05-21,13:30:49,106.7,107.5,107.6,104.65,69260szt.,7302951.0,1266.0,11.09,123.1500(2025-04-01),85.8600(2024-11-19),ciągłe
ALLEGRO,Allegro.eu SA (ALE),32.815,2025-05-21,13:30:50,33.8,33.45,33.45,32.56,1562789szt.,51317260.0,6646.0,-12.93,40.0000(2024-05-24),25.6700(2025-01-13),ciągłe
BUDIMEX,Budimex SA (BDX),640.6,2025-05-21,13:30:52,634.2,636.0,646.2,633.6,27492szt.,17575530.0,1895.0,-16.37,799.0000(2024-05-22),440.4000(2024-12-17),ciągłe
CCC,CCC S.A. (CCC),229.4,2025-05-21,13:30:54,226.7,227.4,230.6,226.6,194258szt.,44356536.0,2599.0,67.94,244.5000(2025-04-29),114.5000(2024-07-02),ciągłe
CDPROJEKT,CD Projekt SA (CDR),228.1,2025-05-21,13:30:55,229.9,229.0,229.8,226.3,56892szt.,12934842.0,2428.0,59.93,257.6000(2025-05-02),130.3000(2024-05-29),ciągłe
DINOPL,Dino Polska SA (DNP),528.2,2025-05-21,13:30:57,533.8,535.0,537.6,522.8,44286szt.,23348282.0,1974.0,29.52,556.2000(2025-05-08),303.3000(2024-09-16),ciągłe
KETY,Grupa Kęty SA (KTY),842.5,2025-05-21,13:31:00,852.0,853.5,853.5,836.0,3764szt.,3169609.0,909.0,-4.6,906.5000(2024-06-24),664.0000(2024-10-30),ciągłe
KGHM,KGHM Polska Miedź SA (KGH),123.25,2025-05-21,13:31:03,123.6,124.0,124.2,121.9,172137szt.,21093524.0,3697.0,-27.79,169.6500(2024-05-21),106.5000(2025-04-09),ciągłe
KRUK,Kruk SA (KRU),398.2,2025-05-21,13:31:07,402.7,404.0,404.0,396.0,7996szt.,3189098.0,1126.0,-14.59,476.8000(2024-07-09),352.0000(2025-04-09),ciągłe
LPP,LPP SA (LPP),15615.0,2025-05-21,13:31:09,15830.0,15870.0,15880.0,15470.0,1211szt.,18879600.0,829.0,-11.03,18500.0000(2025-03-06),13670.0000(2024-09-11),ciągłe
MBANK,mBank S.A. (MBK),800.4,2025-05-21,13:31:12,803.4,801.0,802.6,790.2,5833szt.,4636923.0,1444.0,25.39,868.6000(2025-04-24),530.0000(2024-11-28),ciągłe
ORANGEPL,Orange Polska S.A. (OPL),9.908,2025-05-21,13:31:13,9.888,9.93,9.93,9.768,244763szt.,2408250.0,1651.0,15.95,9.8880(2025-05-20),7.1500(2025-01-14),ciągłe
PEKAO,Bank Polska Kasa Opieki SA (PEO),178.15,2025-05-21,13:31:15,181.5,181.1,181.45,177.5,251740szt.,45017596.0,3840.0,13.9,192.6000(2025-04-29),135.6500(2024-11-29),ciągłe
PEPCO,Pepco Group NV (PCO),18.44,2025-05-21,13:31:16,18.615,18.59,18.61,18.27,288628szt.,5311400.0,1702.0,-14.54,25.5000(2024-05-24),14.0250(2025-04-04),ciągłe
PGE,Polska Grupa Energetyczna SA (PGE),9.474,2025-05-21,13:31:18,9.506,9.506,9.518,9.306,1286897szt.,12091671.0,2875.0,21.99,9.5940(2025-05-16),5.8440(2024-12-19),ciągłe
PKNORLEN,ORLEN SA (PKN),72.08,2025-05-21,13:31:19,72.99,72.61,72.79,71.72,816996szt.,59026824.0,6100.0,-1.47,73.0000(2025-05-13),46.3200(2024-12-17),ciągłe
PKOBP,Powszechna Kasa Oszczędności Bank Polski SA (PKO),74.98,2025-05-21,13:31:22,76.0,75.8,76.24,74.5,1045068szt.,78731728.0,5698.0,30.91,80.0400(2025-03-18),49.8400(2024-08-07),ciągłe
PZU,Powszechny Zakład Ubezpieczeń SA (PZU),60.82,2025-05-21,13:31:23,62.4,62.5,62.5,60.28,742037szt.,45297084.0,4365.0,13.97,63.3200(2025-05-16),39.1500(2024-09-16),ciągłe
SANPL,Santander Bank Polska SA (SPL),502.8,2025-05-21,13:31:25,515.6,515.0,515.0,501.2,33595szt.,16989040.0,2227.0,-1.91,621.0000(2025-04-25),437.2000(2024-11-29),ciągłe
ZABKA,Grupa Żabka SA (ZAB),22.57,2025-05-21,13:31:26,22.02,22.38,22.77,22.1,1077767szt.,24337016.0,2786.0,-,24.7450(2025-01-17),17.9000(2024-11-25),ciągłe
ALIOR,Alior Bank SA (ALR),105.45,2025-05-21,14:01:36,106.7,107.5,107.6,104.65,76345szt.,8050098.0,1379.0,11.15,123.1500(2025-04-01),85.8600(2024-11-19),ciągłe
ALLEGRO,Allegro.eu SA (ALE),32.76,2025-05-21,14:01:37,33.8,33.45,33.45,32.56,1666129szt.,54707600.0,7079.0,-12.9,40.0000(2024-05-24),25.6700(2025-01-13),ciągłe
BUDIMEX,Budimex SA (BDX),643.8,2025-05-21,14:01:40,634.2,636.0,646.2,633.6,30190szt.,19307300.0,2100.0,-16.01,799.0000(2024-05-22),440.4000(2024-12-17),ciągłe
CCC,CCC S.A. (CCC),230.6,2025-05-21,14:01:42,226.7,227.4,230.9,226.6,210412szt.,48072500.0,2858.0,68.89,244.5000(2025-04-29),114.5000(2024-07-02),ciągłe
CDPROJEKT,CD Projekt SA (CDR),228.9,2025-05-21,14:01:43,229.9,229.0,229.8,226.3,62735szt.,14272744.0,2687.0,61.05,257.6000(2025-05-02),130.3000(2024-05-29),ciągłe
DINOPL,Dino Polska SA (DNP),529.2,2025-05-21,14:01:45,533.8,535.0,537.6,522.8,48241szt.,25439126.0,2157.0,29.77,556.2000(2025-05-08),303.3000(2024-09-16),ciągłe
KETY,Grupa Kęty SA (KTY),844.5,2025-05-21,14:01:46,852.0,853.5,853.5,836.0,4114szt.,3465298.0,1016.0,-4.6,906.5000(2024-06-24),664.0000(2024-10-30),ciągłe
KGHM,KGHM Polska Miedź SA (KGH),123.5,2025-05-21,14:01:48,123.6,124.0,124.2,121.9,179860szt.,22046518.0,3938.0,-27.79,169.6500(2024-05-21),106.5000(2025-04-09),ciągłe
KRUK,Kruk SA (KRU),398.7,2025-05-21,14:01:50,402.7,404.0,404.0,396.0,8557szt.,3412636.0,1192.0,-14.59,476.8000(2024-07-09),352.0000(2025-04-09),ciągłe
LPP,LPP SA (LPP),15660.0,2025-05-21,14:01:51,15830.0,15870.0,15880.0,15470.0,1308szt.,20397070.0,903.0,-11.03,18500.0000(2025-03-06),13670.0000(2024-09-11),ciągłe
MBANK,mBank S.A. (MBK),800.8,2025-05-21,14:01:53,803.4,801.0,802.6,790.2,6349szt.,5050351.0,1574.0,25.39,868.6000(2025-04-24),530.0000(2024-11-28),ciągłe
ORANGEPL,Orange Polska S.A. (OPL),9.934,2025-05-21,14:01:54,9.888,9.93,9.948,9.768,275316szt.,2711530.0,1850.0,15.95,9.8880(2025-05-20),7.1500(2025-01-14),ciągłe
PEKAO,Bank Polska Kasa Opieki SA (PEO),178.9,2025-05-21,14:01:57,181.5,181.1,181.45,177.5,264244szt.,47252592.0,4161.0,13.9,192.6000(2025-04-29),135.6500(2024-11-29),ciągłe
PEPCO,Pepco Group NV (PCO),18.455,2025-05-21,14:01:59,18.615,18.59,18.61,18.27,309324szt.,5693110.0,1840.0,-14.54,25.5000(2024-05-24),14.0250(2025-04-04),ciągłe
PGE,Polska Grupa Energetyczna SA (PGE),9.526,2025-05-21,14:02:00,9.506,9.506,9.526,9.306,1382413szt.,12998207.0,3112.0,21.99,9.5940(2025-05-16),5.8440(2024-12-19),ciągłe
PKNORLEN,ORLEN SA (PKN),72.13,2025-05-21,14:02:02,72.99,72.61,72.79,71.72,874092szt.,63140480.0,6547.0,-1.47,73.0000(2025-05-13),46.3200(2024-12-17),ciągłe
PKOBP,Powszechna Kasa Oszczędności Bank Polski SA (PKO),75.06,2025-05-21,14:02:04,76.0,75.8,76.24,74.5,1125039szt.,84728192.0,6223.0,30.91,80.0400(2025-03-18),49.8400(2024-08-07),ciągłe
PZU,Powszechny Zakład Ubezpieczeń SA (PZU),60.68,2025-05-21,14:02:06,62.4,62.5,62.5,60.28,811459szt.,49511100.0,4737.0,13.97,63.3200(2025-05-16),39.1500(2024-09-16),ciągłe
SANPL,Santander Bank Polska SA (SPL),504.8,2025-05-21,14:02:08,515.6,515.0,515.0,501.2,36211szt.,18306888.0,2466.0,-1.91,621.0000(2025-04-25),437.2000(2024-11-29),ciągłe
ZABKA,Grupa Żabka SA (ZAB),22.76,2025-05-21,14:02:10,22.02,22.38,22.77,22.1,1585405szt.,35810964.0,3114.0,-,24.7450(2025-01-17),17.9000(2024-11-25),ciągłe
ALIOR,Alior Bank SA (ALR),105.35,2025-05-21,14:32:19,106.7,107.5,107.6,104.65,82508szt.,8699648.0,1491.0,11.09,123.1500(2025-04-01),85.8600(2024-11-19),ciągłe
ALLEGRO,Allegro.eu SA (ALE),32.92,2025-05-21,14:32:21,33.8,33.45,33.45,32.56,1907163szt.,62613152.0,7994.0,-12.53,40.0000(2024-05-24),25.6700(2025-01-13),ciągłe
BUDIMEX,Budimex SA (BDX),649.0,2025-05-21,14:32:22,634.2,636.0,649.0,633.6,38076szt.,24395064.0,2521.0,-15.33,799.0000(2024-05-22),440.4000(2024-12-17),ciągłe
CCC,CCC S.A. (CCC),230.0,2025-05-21,14:32:24,226.7,227.4,231.6,226.6,226822szt.,51860328.0,3177.0,68.37,244.5000(2025-04-29),114.5000(2024-07-02),ciągłe
CDPROJEKT,CD Projekt SA (CDR),228.2,2025-05-21,14:32:26,229.9,229.0,229.8,226.3,69122szt.,15731944.0,2864.0,60.14,257.6000(2025-05-02),130.3000(2024-05-29),ciągłe
DINOPL,Dino Polska SA (DNP),530.2,2025-05-21,14:32:27,533.8,535.0,537.6,522.8,52367szt.,27624924.0,2353.0,30.01,556.2000(2025-05-08),303.3000(2024-09-16),ciągłe
KETY,Grupa Kęty SA (KTY),843.0,2025-05-21,14:32:29,852.0,853.5,853.5,836.0,4409szt.,3714081.0,1113.0,-4.09,906.5000(2024-06-24),664.0000(2024-10-30),ciągłe
KGHM,KGHM Polska Miedź SA (KGH),123.4,2025-05-21,14:32:30,123.6,124.0,124.2,121.9,192392szt.,23591532.0,4190.0,-27.23,169.6500(2024-05-21),106.5000(2025-04-09),ciągłe
KRUK,Kruk SA (KRU),397.1,2025-05-21,14:32:32,402.7,404.0,404.0,396.0,9153szt.,3649800.0,1281.0,-14.44,476.8000(2024-07-09),352.0000(2025-04-09),ciągłe
LPP,LPP SA (LPP),15660.0,2025-05-21,14:32:33,15830.0,15870.0,15880.0,15470.0,1448szt.,22587310.0,1001.0,-9.89,18500.0000(2025-03-06),13670.0000(2024-09-11),ciągłe
MBANK,mBank S.A. (MBK),799.0,2025-05-21,14:32:35,803.4,801.0,802.6,790.2,6776szt.,5391986.0,1697.0,26.14,868.6000(2025-04-24),530.0000(2024-11-28),ciągłe
ORANGEPL,Orange Polska S.A. (OPL),9.926,2025-05-21,14:32:39,9.888,9.93,9.948,9.768,294675szt.,2903597.0,2024.0,16.56,9.8880(2025-05-20),7.1500(2025-01-14),ciągłe
PEKAO,Bank Polska Kasa Opieki SA (PEO),179.1,2025-05-21,14:32:40,181.5,181.1,181.45,177.5,279631szt.,50007568.0,4531.0,14.73,192.6000(2025-04-29),135.6500(2024-11-29),ciągłe
PEPCO,Pepco Group NV (PCO),18.38,2025-05-21,14:32:43,18.615,18.59,18.61,18.27,331995szt.,6110533.0,1980.0,-14.35,25.5000(2024-05-24),14.0250(2025-04-04),ciągłe
PGE,Polska Grupa Energetyczna SA (PGE),9.496,2025-05-21,14:32:44,9.506,9.506,9.526,9.306,1454233szt.,13680015.0,3343.0,23.42,9.5940(2025-05-16),5.8440(2024-12-19),ciągłe
PKNORLEN,ORLEN SA (PKN),72.18,2025-05-21,14:32:46,72.99,72.61,72.79,71.72,966167szt.,69778112.0,7277.0,-1.07,73.0000(2025-05-13),46.3200(2024-12-17),ciągłe
PKOBP,Powszechna Kasa Oszczędności Bank Polski SA (PKO),75.44,2025-05-21,14:32:47,76.0,75.8,76.24,74.5,1236105szt.,93078160.0,6910.0,32.03,80.0400(2025-03-18),49.8400(2024-08-07),ciągłe
PZU,Powszechny Zakład Ubezpieczeń SA (PZU),60.6,2025-05-21,14:32:49,62.4,62.5,62.5,60.28,892889szt.,54450660.0,5110.0,14.35,63.3200(2025-05-16),39.1500(2024-09-16),ciągłe
SANPL,Santander Bank Polska SA (SPL),506.2,2025-05-21,14:32:50,515.6,515.0,515.0,501.2,37838szt.,19130202.0,2604.0,-1.13,621.0000(2025-04-25),437.2000(2024-11-29),ciągłe
ZABKA,Grupa Żabka SA (ZAB),22.76,2025-05-21,14:32:53,22.02,22.38,22.86,22.1,1780955szt.,40266900.0,3698.0,-,24.7450(2025-01-17),17.9000(2024-11-25),ciągłe
ALIOR,Alior Bank SA (ALR),104.55,2025-05-21,15:03:03,106.7,107.5,107.6,104.55,101175szt.,10657815.0,1861.0,10.15,123.1500(2025-04-01),85.8600(2024-11-19),ciągłe
ALLEGRO,Allegro.eu SA (ALE),32.86,2025-05-21,15:03:06,33.8,33.45,33.45,32.56,2285462szt.,75074008.0,9403.0,-12.65,40.0000(2024-05-24),25.6700(2025-01-13),ciągłe
BUDIMEX,Budimex SA (BDX),648.0,2025-05-21,15:03:07,634.2,636.0,652.2,633.6,44691szt.,28691052.0,2983.0,-15.4,799.0000(2024-05-22),440.4000(2024-12-17),ciągłe
CCC,CCC S.A. (CCC),229.4,2025-05-21,15:03:10,226.7,227.4,231.6,226.6,244981szt.,56017496.0,3623.0,67.57,244.5000(2025-04-29),114.5000(2024-07-02),ciągłe
CDPROJEKT,CD Projekt SA (CDR),226.6,2025-05-21,15:03:11,229.9,229.0,229.8,226.3,83817szt.,19076748.0,3372.0,59.02,257.6000(2025-05-02),130.3000(2024-05-29),ciągłe
DINOPL,Dino Polska SA (DNP),525.6,2025-05-21,15:03:13,533.8,535.0,537.6,522.8,62902szt.,33169178.0,2805.0,28.79,556.2000(2025-05-08),303.3000(2024-09-16),ciągłe
KETY,Grupa Kęty SA (KTY),836.5,2025-05-21,15:03:15,852.0,853.5,853.5,836.0,5060szt.,4260673.0,1270.0,-4.26,906.5000(2024-06-24),664.0000(2024-10-30),ciągłe
KGHM,KGHM Polska Miedź SA (KGH),122.7,2025-05-21,15:03:17,123.6,124.0,124.2,121.9,220598szt.,27059148.0,4647.0,-27.38,169.6500(2024-05-21),106.5000(2025-04-09),ciągłe
KRUK,Kruk SA (KRU),394.2,2025-05-21,15:03:19,402.7,404.0,404.0,393.5,12241szt.,4871359.0,1623.0,-14.44,476.8000(2024-07-09),352.0000(2025-04-09),ciągłe
LPP,LPP SA (LPP),15555.0,2025-05-21,15:03:26,15830.0,15870.0,15880.0,15470.0,1644szt.,25641910.0,1168.0,-10.23,18500.0000(2025-03-06),13670.0000(2024-09-11),ciągłe
MBANK,mBank S.A. (MBK),796.6,2025-05-21,15:03:27,803.4,801.0,802.6,790.2,8981szt.,7148397.0,2107.0,25.99,868.6000(2025-04-24),530.0000(2024-11-28),ciągłe
ORANGEPL,Orange Polska S.A. (OPL),9.822,2025-05-21,15:03:29,9.888,9.93,9.948,9.768,358345szt.,3530245.0,2349.0,16.4,9.8880(2025-05-20),7.1500(2025-01-14),ciągłe
PEKAO,Bank Polska Kasa Opieki SA (PEO),178.5,2025-05-21,15:03:30,181.5,181.1,181.45,177.5,332690szt.,59494356.0,5321.0,14.67,192.6000(2025-04-29),135.6500(2024-11-29),ciągłe
PEPCO,Pepco Group NV (PCO),18.33,2025-05-21,15:03:35,18.615,18.59,18.61,18.27,365652szt.,6727933.0,2290.0,-14.38,25.5000(2024-05-24),14.0250(2025-04-04),ciągłe
PGE,Polska Grupa Energetyczna SA (PGE),9.398,2025-05-21,15:03:37,9.506,9.506,9.526,9.306,1582113szt.,14886454.0,3794.0,23.29,9.5940(2025-05-16),5.8440(2024-12-19),ciągłe
PKNORLEN,ORLEN SA (PKN),71.54,2025-05-21,15:03:39,72.99,72.61,72.79,71.5,1137490szt.,82091552.0,8560.0,-1.08,73.0000(2025-05-13),46.3200(2024-12-17),ciągłe
PKOBP,Powszechna Kasa Oszczędności Bank Polski SA (PKO),74.66,2025-05-21,15:03:42,76.0,75.8,76.24,74.5,1441296szt.,108484720.0,7914.0,31.89,80.0400(2025-03-18),49.8400(2024-08-07),ciągłe
PZU,Powszechny Zakład Ubezpieczeń SA (PZU),60.12,2025-05-21,15:03:44,62.4,62.5,62.5,60.02,1036569szt.,63115000.0,5921.0,14.16,63.3200(2025-05-16),39.1500(2024-09-16),ciągłe
SANPL,Santander Bank Polska SA (SPL),504.0,2025-05-21,15:03:45,515.6,515.0,515.0,501.2,45986szt.,23256904.0,3115.0,-1.09,621.0000(2025-04-25),437.2000(2024-11-29),ciągłe
ZABKA,Grupa Żabka SA (ZAB),22.85,2025-05-21,15:03:47,22.02,22.38,22.99,22.1,2088118szt.,47295772.0,4611.0,-,24.7450(2025-01-17),17.9000(2024-11-25),ciągłe
ALIOR,Alior Bank SA (ALR),105.2,2025-05-21,15:33:56,106.7,107.5,107.6,104.55,112266szt.,11820403.0,2114.0,10.83,123.1500(2025-04-01),85.8600(2024-11-19),ciągłe
ALLEGRO,Allegro.eu SA (ALE),32.94,2025-05-21,15:33:58,33.8,33.45,33.45,32.56,2520649szt.,82816888.0,10160.0,-12.4,40.0000(2024-05-24),25.6700(2025-01-13),ciągłe
BUDIMEX,Budimex SA (BDX),642.4,2025-05-21,15:34:01,634.2,636.0,652.2,633.6,50450szt.,32414668.0,3480.0,-16.14,799.0000(2024-05-22),440.4000(2024-12-17),ciągłe
CCC,CCC S.A. (CCC),229.2,2025-05-21,15:34:03,226.7,227.4,231.6,226.6,256509szt.,58661228.0,3926.0,68.16,244.5000(2025-04-29),114.5000(2024-07-02),ciągłe
CDPROJEKT,CD Projekt SA (CDR),226.3,2025-05-21,15:34:05,229.9,229.0,229.8,226.0,97550szt.,22187556.0,3842.0,58.95,257.6000(2025-05-02),130.3000(2024-05-29),ciągłe
DINOPL,Dino Polska SA (DNP),525.6,2025-05-21,15:34:07,533.8,535.0,537.6,522.8,71134szt.,37498976.0,3263.0,29.03,556.2000(2025-05-08),303.3000(2024-09-16),ciągłe
KETY,Grupa Kęty SA (KTY),842.0,2025-05-21,15:34:08,852.0,853.5,853.5,835.0,5818szt.,4896585.0,1448.0,-4.49,906.5000(2024-06-24),664.0000(2024-10-30),ciągłe
KGHM,KGHM Polska Miedź SA (KGH),122.5,2025-05-21,15:34:10,123.6,124.0,124.2,121.9,247703szt.,30383518.0,5020.0,-27.7,169.6500(2024-05-21),106.5000(2025-04-09),ciągłe
KRUK,Kruk SA (KRU),395.5,2025-05-21,15:34:11,402.7,404.0,404.0,393.5,14793szt.,5878852.0,1975.0,-14.97,476.8000(2024-07-09),352.0000(2025-04-09),ciągłe
LPP,LPP SA (LPP),15605.0,2025-05-21,15:34:13,15830.0,15870.0,15880.0,15470.0,1973szt.,30772460.0,1321.0,-10.23,18500.0000(2025-03-06),13670.0000(2024-09-11),ciągłe
MBANK,mBank S.A. (MBK),799.2,2025-05-21,15:34:15,803.4,801.0,802.6,790.2,10837szt.,8626811.0,2454.0,25.83,868.6000(2025-04-24),530.0000(2024-11-28),ciągłe
ORANGEPL,Orange Polska S.A. (OPL),9.836,2025-05-21,15:34:17,9.888,9.93,9.948,9.768,412970szt.,4066997.0,2637.0,15.55,9.8880(2025-05-20),7.1500(2025-01-14),ciągłe
PEKAO,Bank Polska Kasa Opieki SA (PEO),178.65,2025-05-21,15:34:19,181.5,181.1,181.45,177.5,366861szt.,65598900.0,5856.0,14.48,192.6000(2025-04-29),135.6500(2024-11-29),ciągłe
PEPCO,Pepco Group NV (PCO),18.35,2025-05-21,15:34:20,18.615,18.59,18.61,18.27,396386szt.,7291395.0,2512.0,-14.45,25.5000(2024-05-24),14.0250(2025-04-04),ciągłe
PGE,Polska Grupa Energetyczna SA (PGE),9.386,2025-05-21,15:34:23,9.506,9.506,9.526,9.306,1685871szt.,15860045.0,4230.0,22.2,9.5940(2025-05-16),5.8440(2024-12-19),ciągłe
PKNORLEN,ORLEN SA (PKN),71.58,2025-05-21,15:34:25,72.99,72.61,72.79,71.4,1309891szt.,94419976.0,9524.0,-1.8,73.0000(2025-05-13),46.3200(2024-12-17),ciągłe
PKOBP,Powszechna Kasa Oszczędności Bank Polski SA (PKO),74.96,2025-05-21,15:34:27,76.0,75.8,76.24,74.38,1670091szt.,125575608.0,9020.0,31.01,80.0400(2025-03-18),49.8400(2024-08-07),ciągłe
PZU,Powszechny Zakład Ubezpieczeń SA (PZU),60.16,2025-05-21,15:34:28,62.4,62.5,62.5,60.02,1240478szt.,75377504.0,6649.0,13.55,63.3200(2025-05-16),39.1500(2024-09-16),ciągłe
SANPL,Santander Bank Polska SA (SPL),508.0,2025-05-21,15:34:30,515.6,515.0,515.0,501.2,50072szt.,25321712.0,3429.0,-0.78,621.0000(2025-04-25),437.2000(2024-11-29),ciągłe
ZABKA,Grupa Żabka SA (ZAB),22.9,2025-05-21,15:34:31,22.02,22.38,22.99,22.1,2311236szt.,52413108.0,5350.0,-,24.7450(2025-01-17),17.9000(2024-11-25),ciągłe
ALIOR,Alior Bank SA (ALR),105.35,2025-05-21,16:04:41,106.7,107.5,107.6,104.55,124182szt.,13076526.0,2360.0,11.2,123.1500(2025-04-01),85.8600(2024-11-19),ciągłe
ALLEGRO,Allegro.eu SA (ALE),33.11,2025-05-21,16:04:43,33.8,33.45,33.45,32.56,2872883szt.,94454632.0,11271.0,-12.1,40.0000(2024-05-24),25.6700(2025-01-13),ciągłe
BUDIMEX,Budimex SA (BDX),643.6,2025-05-21,16:04:44,634.2,636.0,652.2,633.6,59334szt.,38125276.0,4037.0,-16.08,799.0000(2024-05-22),440.4000(2024-12-17),ciągłe
CCC,CCC S.A. (CCC),229.2,2025-05-21,16:04:46,226.7,227.4,231.6,226.6,283988szt.,64962568.0,4308.0,67.79,244.5000(2025-04-29),114.5000(2024-07-02),ciągłe
CDPROJEKT,CD Projekt SA (CDR),226.5,2025-05-21,16:04:48,229.9,229.0,229.8,226.0,110916szt.,25217900.0,4340.0,59.16,257.6000(2025-05-02),130.3000(2024-05-29),ciągłe
DINOPL,Dino Polska SA (DNP),529.8,2025-05-21,16:04:50,533.8,535.0,537.6,522.8,80833szt.,42613680.0,3831.0,29.82,556.2000(2025-05-08),303.3000(2024-09-16),ciągłe
KETY,Grupa Kęty SA (KTY),849.5,2025-05-21,16:04:52,852.0,853.5,853.5,835.0,6292szt.,5298190.0,1538.0,-4.32,906.5000(2024-06-24),664.0000(2024-10-30),ciągłe
KGHM,KGHM Polska Miedź SA (KGH),122.45,2025-05-21,16:04:53,123.6,124.0,124.2,121.9,276054szt.,33858656.0,5481.0,-27.73,169.6500(2024-05-21),106.5000(2025-04-09),ciągłe
KRUK,Kruk SA (KRU),394.7,2025-05-21,16:04:55,402.7,404.0,404.0,393.5,16641szt.,6609300.0,2238.0,-14.91,476.8000(2024-07-09),352.0000(2025-04-09),ciągłe
LPP,LPP SA (LPP),15665.0,2025-05-21,16:04:56,15830.0,15870.0,15880.0,15470.0,2148szt.,33514940.0,1469.0,-10.11,18500.0000(2025-03-06),13670.0000(2024-09-11),ciągłe
MBANK,mBank S.A. (MBK),801.8,2025-05-21,16:04:58,803.4,801.0,804.0,790.2,12095szt.,9635228.0,2646.0,26.14,868.6000(2025-04-24),530.0000(2024-11-28),ciągłe
ORANGEPL,Orange Polska S.A. (OPL),9.882,2025-05-21,16:05:00,9.888,9.93,9.948,9.768,529931szt.,5224041.0,3112.0,15.86,9.8880(2025-05-20),7.1500(2025-01-14),ciągłe
PEKAO,Bank Polska Kasa Opieki SA (PEO),178.8,2025-05-21,16:05:02,181.5,181.1,181.45,177.5,454147szt.,81246176.0,6268.0,14.61,192.6000(2025-04-29),135.6500(2024-11-29),ciągłe
PEPCO,Pepco Group NV (PCO),18.37,2025-05-21,16:05:03,18.615,18.59,18.61,18.27,418275szt.,7693335.0,2670.0,-14.49,25.5000(2024-05-24),14.0250(2025-04-04),ciągłe
PGE,Polska Grupa Energetyczna SA (PGE),9.484,2025-05-21,16:05:06,9.506,9.506,9.526,9.306,1891672szt.,17805956.0,4781.0,22.33,9.5940(2025-05-16),5.8440(2024-12-19),ciągłe
PKNORLEN,ORLEN SA (PKN),71.65,2025-05-21,16:05:07,72.99,72.61,72.79,71.4,1667648szt.,120106280.0,11020.0,-1.76,73.0000(2025-05-13),46.3200(2024-12-17),ciągłe
PKOBP,Powszechna Kasa Oszczędności Bank Polski SA (PKO),74.9,2025-05-21,16:05:09,76.0,75.8,76.24,74.38,1873032szt.,140800448.0,9961.0,31.19,80.0400(2025-03-18),49.8400(2024-08-07),ciągłe
PZU,Powszechny Zakład Ubezpieczeń SA (PZU),60.14,2025-05-21,16:05:11,62.4,62.5,62.5,60.02,1391260szt.,84462216.0,7221.0,13.7,63.3200(2025-05-16),39.1500(2024-09-16),ciągłe
SANPL,Santander Bank Polska SA (SPL),508.2,2025-05-21,16:05:12,515.6,515.0,515.0,501.2,55174szt.,27921798.0,3794.0,-0.43,621.0000(2025-04-25),437.2000(2024-11-29),ciągłe
ZABKA,Grupa Żabka SA (ZAB),22.81,2025-05-21,16:05:15,22.02,22.38,22.99,22.1,2624925szt.,59586960.0,5910.0,-,24.7450(2025-01-17),17.9000(2024-11-25),ciągłe
ALIOR,Alior Bank SA (ALR),105.2,2025-05-21,16:35:25,106.7,107.5,107.6,104.55,133815szt.,14091532.0,2549.0,10.88,123.1500(2025-04-01),85.8600(2024-11-19),ciągłe
ALLEGRO,Allegro.eu SA (ALE),33.08,2025-05-21,16:35:27,33.8,33.45,33.45,32.56,3161342szt.,103994136.0,12319.0,-12.06,40.0000(2024-05-24),25.6700(2025-01-13),ciągłe
BUDIMEX,Budimex SA (BDX),642.6,2025-05-21,16:35:29,634.2,636.0,652.2,633.6,70025szt.,45010560.0,4611.0,-16.06,799.0000(2024-05-22),440.4000(2024-12-17),ciągłe
CCC,CCC S.A. (CCC),227.4,2025-05-21,16:35:31,226.7,227.4,231.6,226.6,316742szt.,72446992.0,4719.0,66.69,244.5000(2025-04-29),114.5000(2024-07-02),ciągłe
CDPROJEKT,CD Projekt SA (CDR),226.4,2025-05-21,16:35:33,229.9,229.0,229.8,226.0,119376szt.,27135846.0,4695.0,58.81,257.6000(2025-05-02),130.3000(2024-05-29),ciągłe
DINOPL,Dino Polska SA (DNP),528.2,2025-05-21,16:35:35,533.8,535.0,537.6,522.8,91211szt.,48099356.0,4277.0,29.57,556.2000(2025-05-08),303.3000(2024-09-16),ciągłe
KETY,Grupa Kęty SA (KTY),844.0,2025-05-21,16:35:38,852.0,853.5,853.5,835.0,6580szt.,5541749.0,1623.0,-3.92,906.5000(2024-06-24),664.0000(2024-10-30),ciągłe
KGHM,KGHM Polska Miedź SA (KGH),122.4,2025-05-21,16:35:40,123.6,124.0,124.2,121.9,303622szt.,37235900.0,5902.0,-27.82,169.6500(2024-05-21),106.5000(2025-04-09),ciągłe
KRUK,Kruk SA (KRU),394.1,2025-05-21,16:35:41,402.7,404.0,404.0,393.5,20452szt.,8112383.0,2607.0,-15.15,476.8000(2024-07-09),352.0000(2025-04-09),ciągłe
LPP,LPP SA (LPP),15655.0,2025-05-21,16:35:43,15830.0,15870.0,15880.0,15470.0,2296szt.,35834084.0,1585.0,-9.89,18500.0000(2025-03-06),13670.0000(2024-09-11),ciągłe
MBANK,mBank S.A. (MBK),800.0,2025-05-21,16:35:46,803.4,801.0,804.0,790.2,13312szt.,10609667.0,2889.0,26.17,868.6000(2025-04-24),530.0000(2024-11-28),ciągłe
ORANGEPL,Orange Polska S.A. (OPL),9.898,2025-05-21,16:35:48,9.888,9.93,9.948,9.768,568499szt.,5605759.0,3347.0,16.21,9.8880(2025-05-20),7.1500(2025-01-14),ciągłe
PEKAO,Bank Polska Kasa Opieki SA (PEO),179.0,2025-05-21,16:35:49,181.5,181.1,181.45,177.5,500896szt.,89611064.0,6851.0,14.67,192.6000(2025-04-29),135.6500(2024-11-29),ciągłe
PEPCO,Pepco Group NV (PCO),18.315,2025-05-21,16:35:51,18.615,18.59,18.61,18.27,450474szt.,8284322.0,2881.0,-14.47,25.5000(2024-05-24),14.0250(2025-04-04),ciągłe
PGE,Polska Grupa Energetyczna SA (PGE),9.454,2025-05-21,16:35:53,9.506,9.506,9.526,9.306,2119069szt.,19963966.0,5186.0,22.95,9.5940(2025-05-16),5.8440(2024-12-19),ciągłe
PKNORLEN,ORLEN SA (PKN),71.56,2025-05-21,16:35:54,72.99,72.61,72.79,71.4,1926505szt.,138657456.0,12334.0,-1.96,73.0000(2025-05-13),46.3200(2024-12-17),ciągłe
PKOBP,Powszechna Kasa Oszczędności Bank Polski SA (PKO),74.98,2025-05-21,16:35:56,76.0,75.8,76.24,74.38,2000794szt.,150385504.0,10550.0,31.22,80.0400(2025-03-18),49.8400(2024-08-07),ciągłe
PZU,Powszechny Zakład Ubezpieczeń SA (PZU),60.06,2025-05-21,16:35:57,62.4,62.5,62.5,59.98,1629101szt.,98754536.0,8192.0,13.21,63.3200(2025-05-16),39.1500(2024-09-16),ciągłe
SANPL,Santander Bank Polska SA (SPL),511.4,2025-05-21,16:35:59,515.6,515.0,515.0,501.2,62100szt.,31462288.0,4204.0,-0.27,621.0000(2025-04-25),437.2000(2024-11-29),ciągłe
ZABKA,Grupa Żabka SA (ZAB),22.92,2025-05-21,16:36:01,22.02,22.38,22.99,22.1,2886396szt.,65567120.0,6435.0,-,24.7450(2025-01-17),17.9000(2024-11-25),ciągłe
