Ticker,Nazwa,Cena,Data,Godzina,Kurs odniesienia,Kurs otwarcia,Max 1D,Min 1D,Wolumen obrotu,Wartość obrotu,Liczba transakcji,Stopa zwrotu 1R,Max 1R,Min 1R,System notowań
ALIOR,Alior Bank SA (ALR),106.35,2025-05-27,09:53:41,106.65,106.65,107.45,106.1,14156.0,1512119.0,160.0,11.09,123.1500(2025-04-01),85.8600(2024-11-19),ciągłe
ALLEGRO,Allegro.eu SA (ALE),33.55,2025-05-27,09:53:43,33.515,33.25,33.835,33.24,241418.0,8101105.0,941.0,-16.09,39.9750(2024-05-27),25.6700(2025-01-13),ciągłe
BUDIMEX,Budimex SA (BDX),662.8,2025-05-27,09:53:46,658.8,664.0,669.6,662.4,9528.0,6340742.0,554.0,-16.73,796.0000(2024-05-27),440.4000(2024-12-17),ciągłe
CCC,CCC S.A. (CCC),236.8,2025-05-27,09:53:48,235.3,236.4,239.8,236.2,64300.0,15298358.0,898.0,80.76,244.5000(2025-04-29),114.5000(2024-07-02),ciągłe
CDPROJEKT,CD Projekt SA (CDR),219.0,2025-05-27,09:53:49,220.1,221.5,221.9,218.9,14766.0,3253480.0,557.0,56.71,257.6000(2025-05-02),130.3000(2024-05-29),ciągłe
DINOPL,Dino Polska SA (DNP),539.4,2025-05-27,09:53:52,544.8,541.0,544.0,538.4,6680.0,3616138.0,324.0,34.75,556.2000(2025-05-08),303.3000(2024-09-16),ciągłe
KETY,Grupa Kęty SA (KTY),868.5,2025-05-27,09:53:53,867.5,866.0,877.0,866.0,604.0,527045.0,110.0,1.11,906.5000(2024-06-24),664.0000(2024-10-30),ciągłe
KGHM,KGHM Polska Miedź SA (KGH),125.9,2025-05-27,09:53:55,127.3,127.0,127.3,124.5,39363.0,4966526.0,600.0,-19.46,163.7000(2024-09-26),106.5000(2025-04-09),ciągłe
KRUK,Kruk SA (KRU),419.6,2025-05-27,09:53:57,421.0,420.8,422.8,418.1,6659.0,2804155.0,471.0,-7.72,476.8000(2024-07-09),352.0000(2025-04-09),ciągłe
LPP,LPP SA (LPP),15430.0,2025-05-27,09:53:59,15625.0,15740.0,15740.0,15430.0,424.0,6605535.0,234.0,-10.2,18500.0000(2025-03-06),13670.0000(2024-09-11),ciągłe
MBANK,mBank S.A. (MBK),827.6,2025-05-27,09:54:00,826.4,826.2,838.8,813.4,1261.0,1047773.0,192.0,31.01,868.6000(2025-04-24),530.0000(2024-11-28),ciągłe
ORANGEPL,Orange Polska S.A. (OPL),9.77,2025-05-27,09:54:02,9.804,9.76,9.852,9.76,16546.0,162442.0,100.0,15.89,9.9260(2025-05-21),7.1500(2025-01-14),ciągłe
PEKAO,Bank Polska Kasa Opieki SA (PEO),181.4,2025-05-27,09:54:04,181.8,181.75,182.3,181.1,51029.0,9272291.0,536.0,14.59,192.6000(2025-04-29),135.6500(2024-11-29),ciągłe
PEPCO,Pepco Group NV (PCO),17.0,2025-05-27,09:54:06,16.965,17.09,17.1,16.9,144276.0,2454222.0,694.0,-33.47,24.6000(2024-06-03),14.0250(2025-04-04),ciągłe
PGE,Polska Grupa Energetyczna SA (PGE),9.088,2025-05-27,09:54:07,9.2,9.2,9.26,9.084,124824.0,1144274.0,359.0,23.59,9.5940(2025-05-16),5.8440(2024-12-19),ciągłe
PKNORLEN,ORLEN SA (PKN),71.28,2025-05-27,09:54:09,71.9,71.9,71.97,71.25,92829.0,6658071.0,782.0,10.29,73.0000(2025-05-13),46.3200(2024-12-17),ciągłe
PKOBP,Powszechna Kasa Oszczędności Bank Polski SA (PKO),75.58,2025-05-27,09:54:11,75.82,75.7,76.04,75.12,125255.0,9469720.0,687.0,30.68,80.0400(2025-03-18),49.8400(2024-08-07),ciągłe
PZU,Powszechny Zakład Ubezpieczeń SA (PZU),60.22,2025-05-27,09:54:13,60.5,60.62,60.74,60.12,86950.0,5241741.0,528.0,19.33,63.3200(2025-05-16),39.1500(2024-09-16),ciągłe
SANPL,Santander Bank Polska SA (SPL),509.8,2025-05-27,09:54:15,509.2,509.2,514.8,508.4,4436.0,2268889.0,310.0,0.39,621.0000(2025-04-25),437.2000(2024-11-29),ciągłe
ZABKA,Grupa Żabka SA (ZAB),23.71,2025-05-27,09:54:18,23.58,23.59,23.74,23.59,117553.0,2782959.0,499.0,-,24.7450(2025-01-17),17.9000(2024-11-25),ciągłe
ALIOR,Alior Bank SA (ALR),106.55,2025-05-27,10:24:27,106.65,106.65,107.45,106.1,18024.0,1924577.0,220.0,11.67,123.1500(2025-04-01),85.8600(2024-11-19),ciągłe
ALLEGRO,Allegro.eu SA (ALE),33.64,2025-05-27,10:24:28,33.515,33.25,33.835,33.24,340109.0,11427494.0,1400.0,-15.67,39.9750(2024-05-27),25.6700(2025-01-13),ciągłe
BUDIMEX,Budimex SA (BDX),663.2,2025-05-27,10:24:30,658.8,664.0,669.6,662.0,12389.0,8240050.0,760.0,-16.68,796.0000(2024-05-27),440.4000(2024-12-17),ciągłe
CCC,CCC S.A. (CCC),236.1,2025-05-27,10:24:32,235.3,236.4,239.8,235.8,109226.0,25958150.0,1405.0,80.46,244.5000(2025-04-29),114.5000(2024-07-02),ciągłe
CDPROJEKT,CD Projekt SA (CDR),220.4,2025-05-27,10:24:33,220.1,221.5,221.9,218.7,23667.0,5212872.0,880.0,57.71,257.6000(2025-05-02),130.3000(2024-05-29),ciągłe
DINOPL,Dino Polska SA (DNP),541.6,2025-05-27,10:24:35,544.8,541.0,544.0,538.4,10606.0,5741854.0,509.0,35.3,556.2000(2025-05-08),303.3000(2024-09-16),ciągłe
KETY,Grupa Kęty SA (KTY),870.0,2025-05-27,10:24:36,867.5,866.0,877.0,864.5,1014.0,883256.0,180.0,1.11,906.5000(2024-06-24),664.0000(2024-10-30),ciągłe
KGHM,KGHM Polska Miedź SA (KGH),126.15,2025-05-27,10:24:38,127.3,127.0,127.3,124.5,67948.0,8572508.0,948.0,-19.46,163.7000(2024-09-26),106.5000(2025-04-09),ciągłe
KRUK,Kruk SA (KRU),420.7,2025-05-27,10:24:40,421.0,420.8,422.8,418.1,10868.0,4575683.0,600.0,-7.72,476.8000(2024-07-09),352.0000(2025-04-09),ciągłe
LPP,LPP SA (LPP),15605.0,2025-05-27,10:24:42,15625.0,15740.0,15740.0,15430.0,554.0,8630780.0,314.0,-10.2,18500.0000(2025-03-06),13670.0000(2024-09-11),ciągłe
MBANK,mBank S.A. (MBK),838.2,2025-05-27,10:24:45,826.4,826.2,839.0,813.4,2294.0,1911346.0,281.0,31.01,868.6000(2025-04-24),530.0000(2024-11-28),ciągłe
ORANGEPL,Orange Polska S.A. (OPL),9.824,2025-05-27,10:24:47,9.804,9.76,9.852,9.76,30385.0,298213.0,157.0,15.89,9.9260(2025-05-21),7.1500(2025-01-14),ciągłe
PEKAO,Bank Polska Kasa Opieki SA (PEO),182.7,2025-05-27,10:24:48,181.8,181.75,183.25,181.1,96944.0,17647032.0,906.0,14.59,192.6000(2025-04-29),135.6500(2024-11-29),ciągłe
PEPCO,Pepco Group NV (PCO),16.895,2025-05-27,10:24:51,16.965,17.09,17.1,16.88,241689.0,4110906.0,1121.0,-33.47,24.6000(2024-06-03),14.0250(2025-04-04),ciągłe
PGE,Polska Grupa Energetyczna SA (PGE),9.186,2025-05-27,10:24:54,9.2,9.2,9.26,9.084,240229.0,2203263.0,619.0,23.59,9.5940(2025-05-16),5.8440(2024-12-19),ciągłe
PKNORLEN,ORLEN SA (PKN),71.8,2025-05-27,10:24:55,71.9,71.9,71.97,71.25,141212.0,10121566.0,1207.0,10.29,73.0000(2025-05-13),46.3200(2024-12-17),ciągłe
PKOBP,Powszechna Kasa Oszczędności Bank Polski SA (PKO),76.04,2025-05-27,10:24:57,75.82,75.7,76.22,75.12,185258.0,14027384.0,1051.0,30.68,80.0400(2025-03-18),49.8400(2024-08-07),ciągłe
PZU,Powszechny Zakład Ubezpieczeń SA (PZU),60.66,2025-05-27,10:24:59,60.5,60.62,60.78,60.12,120147.0,7252208.0,817.0,19.33,63.3200(2025-05-16),39.1500(2024-09-16),ciągłe
SANPL,Santander Bank Polska SA (SPL),512.8,2025-05-27,10:25:01,509.2,509.2,514.8,508.4,6090.0,3117656.0,411.0,0.39,621.0000(2025-04-25),437.2000(2024-11-29),ciągłe
ZABKA,Grupa Żabka SA (ZAB),23.63,2025-05-27,10:25:02,23.58,23.59,23.75,23.59,197867.0,4685049.0,773.0,-,24.7450(2025-01-17),17.9000(2024-11-25),ciągłe
ALIOR,Alior Bank SA (ALR),106.3,2025-05-27,10:55:11,106.65,106.65,107.45,106.1,21018.0,2243561.0,283.0,11.3,123.1500(2025-04-01),85.8600(2024-11-19),ciągłe
ALLEGRO,Allegro.eu SA (ALE),33.49,2025-05-27,10:55:13,33.515,33.25,33.835,33.24,409287.0,13748662.0,1764.0,-16.22,39.9750(2024-05-27),25.6700(2025-01-13),ciągłe
BUDIMEX,Budimex SA (BDX),660.6,2025-05-27,10:55:16,658.8,664.0,669.6,659.4,15405.0,10234978.0,961.0,-17.01,796.0000(2024-05-27),440.4000(2024-12-17),ciągłe
CCC,CCC S.A. (CCC),236.2,2025-05-27,10:55:17,235.3,236.4,239.8,234.8,163873.0,38844692.0,1817.0,80.31,244.5000(2025-04-29),114.5000(2024-07-02),ciągłe
CDPROJEKT,CD Projekt SA (CDR),220.2,2025-05-27,10:55:19,220.1,221.5,221.9,218.7,33504.0,7378226.0,1146.0,57.57,257.6000(2025-05-02),130.3000(2024-05-29),ciągłe
DINOPL,Dino Polska SA (DNP),539.6,2025-05-27,10:55:22,544.8,541.0,544.0,538.4,12994.0,7031345.0,657.0,34.9,556.2000(2025-05-08),303.3000(2024-09-16),ciągłe
KETY,Grupa Kęty SA (KTY),870.0,2025-05-27,10:55:24,867.5,866.0,877.0,864.5,1252.0,1090434.0,230.0,1.11,906.5000(2024-06-24),664.0000(2024-10-30),ciągłe
KGHM,KGHM Polska Miedź SA (KGH),125.8,2025-05-27,10:55:26,127.3,127.0,127.3,124.5,78661.0,9921697.0,1100.0,-19.46,163.7000(2024-09-26),106.5000(2025-04-09),ciągłe
KRUK,Kruk SA (KRU),418.1,2025-05-27,10:55:27,421.0,420.8,422.8,417.7,11841.0,4984579.0,729.0,-7.72,476.8000(2024-07-09),352.0000(2025-04-09),ciągłe
LPP,LPP SA (LPP),15570.0,2025-05-27,10:55:29,15625.0,15740.0,15740.0,15430.0,604.0,9410810.0,362.0,-10.2,18500.0000(2025-03-06),13670.0000(2024-09-11),ciągłe
MBANK,mBank S.A. (MBK),836.4,2025-05-27,10:55:32,826.4,826.2,839.4,813.4,3094.0,2580932.0,401.0,31.01,868.6000(2025-04-24),530.0000(2024-11-28),ciągłe
ORANGEPL,Orange Polska S.A. (OPL),9.814,2025-05-27,10:55:34,9.804,9.76,9.852,9.76,35603.0,349452.0,183.0,15.89,9.9260(2025-05-21),7.1500(2025-01-14),ciągłe
PEKAO,Bank Polska Kasa Opieki SA (PEO),181.95,2025-05-27,10:55:36,181.8,181.75,183.25,181.1,113122.0,20596152.0,1071.0,14.59,192.6000(2025-04-29),135.6500(2024-11-29),ciągłe
PEPCO,Pepco Group NV (PCO),16.925,2025-05-27,10:55:37,16.965,17.09,17.1,16.87,284040.0,4828044.0,1306.0,-33.47,24.6000(2024-06-03),14.0250(2025-04-04),ciągłe
PGE,Polska Grupa Energetyczna SA (PGE),9.146,2025-05-27,10:55:39,9.2,9.2,9.26,9.084,273252.0,2505980.0,734.0,23.59,9.5940(2025-05-16),5.8440(2024-12-19),ciągłe
PKNORLEN,ORLEN SA (PKN),71.89,2025-05-27,10:55:41,71.9,71.9,72.0,71.25,279254.0,20046310.0,1985.0,10.29,73.0000(2025-05-13),46.3200(2024-12-17),ciągłe
PKOBP,Powszechna Kasa Oszczędności Bank Polski SA (PKO),75.9,2025-05-27,10:55:42,75.82,75.7,76.22,75.12,241795.0,18320192.0,1374.0,30.68,80.0400(2025-03-18),49.8400(2024-08-07),ciągłe
PZU,Powszechny Zakład Ubezpieczeń SA (PZU),60.32,2025-05-27,10:55:44,60.5,60.62,60.78,60.12,133533.0,8062303.0,989.0,19.33,63.3200(2025-05-16),39.1500(2024-09-16),ciągłe
SANPL,Santander Bank Polska SA (SPL),511.4,2025-05-27,10:55:47,509.2,509.2,514.8,508.4,7637.0,3910623.0,532.0,0.39,621.0000(2025-04-25),437.2000(2024-11-29),ciągłe
ZABKA,Grupa Żabka SA (ZAB),23.54,2025-05-27,10:55:49,23.58,23.59,23.75,23.52,302738.0,7157694.0,1086.0,-,24.7450(2025-01-17),17.9000(2024-11-25),ciągłe
ALIOR,Alior Bank SA (ALR),106.05,2025-05-27,11:25:57,106.65,106.65,107.45,105.15,43385.0,4610568.0,469.0,10.83,123.1500(2025-04-01),85.8600(2024-11-19),ciągłe
ALLEGRO,Allegro.eu SA (ALE),33.495,2025-05-27,11:25:59,33.515,33.25,33.835,33.24,491057.0,16488068.0,2177.0,-16.21,39.9750(2024-05-27),25.6700(2025-01-13),ciągłe
BUDIMEX,Budimex SA (BDX),659.4,2025-05-27,11:26:00,658.8,664.0,669.6,657.2,18312.0,12151233.0,1187.0,-17.09,796.0000(2024-05-27),440.4000(2024-12-17),ciągłe
CCC,CCC S.A. (CCC),236.1,2025-05-27,11:26:02,235.3,236.4,239.8,234.8,177474.0,42060036.0,2141.0,80.23,244.5000(2025-04-29),114.5000(2024-07-02),ciągłe
CDPROJEKT,CD Projekt SA (CDR),220.6,2025-05-27,11:26:04,220.1,221.5,221.9,218.7,42731.0,9412828.0,1395.0,57.85,257.6000(2025-05-02),130.3000(2024-05-29),ciągłe
DINOPL,Dino Polska SA (DNP),540.4,2025-05-27,11:26:05,544.8,541.0,544.0,538.4,16869.0,9126465.0,836.0,35.0,556.2000(2025-05-08),303.3000(2024-09-16),ciągłe
KETY,Grupa Kęty SA (KTY),871.5,2025-05-27,11:26:08,867.5,866.0,877.0,864.5,1341.0,1167834.0,259.0,0.75,906.5000(2024-06-24),664.0000(2024-10-30),ciągłe
KGHM,KGHM Polska Miedź SA (KGH),125.85,2025-05-27,11:26:10,127.3,127.0,127.3,124.5,85342.0,10762163.0,1214.0,-20.81,163.7000(2024-09-26),106.5000(2025-04-09),ciągłe
KRUK,Kruk SA (KRU),419.1,2025-05-27,11:26:11,421.0,420.8,422.8,417.7,12635.0,5316680.0,815.0,-7.31,476.8000(2024-07-09),352.0000(2025-04-09),ciągłe
LPP,LPP SA (LPP),15540.0,2025-05-27,11:26:14,15625.0,15740.0,15740.0,15430.0,712.0,11088565.0,432.0,-9.26,18500.0000(2025-03-06),13670.0000(2024-09-11),ciągłe
MBANK,mBank S.A. (MBK),832.8,2025-05-27,11:26:16,826.4,826.2,839.4,813.4,3480.0,2902768.0,477.0,31.4,868.6000(2025-04-24),530.0000(2024-11-28),ciągłe
ORANGEPL,Orange Polska S.A. (OPL),9.866,2025-05-27,11:26:18,9.804,9.76,9.866,9.76,45025.0,442160.0,219.0,17.07,9.9260(2025-05-21),7.1500(2025-01-14),ciągłe
PEKAO,Bank Polska Kasa Opieki SA (PEO),182.25,2025-05-27,11:26:20,181.8,181.75,183.25,181.1,140196.0,25526156.0,1332.0,13.02,192.6000(2025-04-29),135.6500(2024-11-29),ciągłe
PEPCO,Pepco Group NV (PCO),16.87,2025-05-27,11:26:22,16.965,17.09,17.1,16.84,351758.0,5970819.0,1556.0,-31.16,24.6000(2024-06-03),14.0250(2025-04-04),ciągłe
PGE,Polska Grupa Energetyczna SA (PGE),9.18,2025-05-27,11:26:23,9.2,9.2,9.26,9.084,310651.0,2848643.0,864.0,22.37,9.5940(2025-05-16),5.8440(2024-12-19),ciągłe
PKNORLEN,ORLEN SA (PKN),72.13,2025-05-27,11:26:26,71.9,71.9,72.14,71.25,439536.0,31580880.0,2717.0,9.31,73.0000(2025-05-13),46.3200(2024-12-17),ciągłe
PKOBP,Powszechna Kasa Oszczędności Bank Polski SA (PKO),76.06,2025-05-27,11:26:29,75.82,75.7,76.22,75.12,322333.0,24431738.0,1668.0,30.09,80.0400(2025-03-18),49.8400(2024-08-07),ciągłe
PZU,Powszechny Zakład Ubezpieczeń SA (PZU),60.34,2025-05-27,11:26:31,60.5,60.62,60.78,60.12,150555.0,9091016.0,1191.0,21.25,63.3200(2025-05-16),39.1500(2024-09-16),ciągłe
SANPL,Santander Bank Polska SA (SPL),511.4,2025-05-27,11:26:32,509.2,509.2,514.8,508.4,10853.0,5554758.0,716.0,-0.31,621.0000(2025-04-25),437.2000(2024-11-29),ciągłe
ZABKA,Grupa Żabka SA (ZAB),23.53,2025-05-27,11:26:34,23.58,23.59,23.75,23.46,389678.0,9204083.0,1366.0,-,24.7450(2025-01-17),17.9000(2024-11-25),ciągłe
ALIOR,Alior Bank SA (ALR),106.7,2025-05-27,11:56:43,106.65,106.65,107.45,105.15,47979.0,5099395.0,560.0,11.56,123.1500(2025-04-01),85.8600(2024-11-19),ciągłe
ALLEGRO,Allegro.eu SA (ALE),33.615,2025-05-27,11:56:45,33.515,33.25,33.835,33.24,561913.0,18866924.0,2566.0,-15.78,39.9750(2024-05-27),25.6700(2025-01-13),ciągłe
BUDIMEX,Budimex SA (BDX),658.2,2025-05-27,11:56:47,658.8,664.0,669.6,657.0,20553.0,13626327.0,1351.0,-17.31,796.0000(2024-05-27),440.4000(2024-12-17),ciągłe
CCC,CCC S.A. (CCC),237.1,2025-05-27,11:56:48,235.3,236.4,239.8,234.8,232034.0,54939692.0,2442.0,80.92,244.5000(2025-04-29),114.5000(2024-07-02),ciągłe
CDPROJEKT,CD Projekt SA (CDR),220.5,2025-05-27,11:56:50,220.1,221.5,221.9,218.7,48245.0,10628760.0,1603.0,57.78,257.6000(2025-05-02),130.3000(2024-05-29),ciągłe
DINOPL,Dino Polska SA (DNP),543.6,2025-05-27,11:56:52,544.8,541.0,544.0,538.4,22057.0,11938612.0,1087.0,35.8,556.2000(2025-05-08),303.3000(2024-09-16),ciągłe
KETY,Grupa Kęty SA (KTY),873.0,2025-05-27,11:56:54,867.5,866.0,877.0,864.5,1509.0,1314434.0,311.0,0.75,906.5000(2024-06-24),664.0000(2024-10-30),ciągłe
KGHM,KGHM Polska Miedź SA (KGH),125.95,2025-05-27,11:56:56,127.3,127.0,127.3,124.5,108419.0,13669235.0,1493.0,-20.81,163.7000(2024-09-26),106.5000(2025-04-09),ciągłe
KRUK,Kruk SA (KRU),419.8,2025-05-27,11:56:58,421.0,420.8,422.8,417.7,13427.0,5649122.0,931.0,-7.31,476.8000(2024-07-09),352.0000(2025-04-09),ciągłe
LPP,LPP SA (LPP),15500.0,2025-05-27,11:57:00,15625.0,15740.0,15740.0,15430.0,972.0,15114555.0,569.0,-9.26,18500.0000(2025-03-06),13670.0000(2024-09-11),ciągłe
MBANK,mBank S.A. (MBK),836.6,2025-05-27,11:57:02,826.4,826.2,839.4,813.4,4006.0,3341872.0,558.0,31.4,868.6000(2025-04-24),530.0000(2024-11-28),ciągłe
ORANGEPL,Orange Polska S.A. (OPL),9.89,2025-05-27,11:57:05,9.804,9.76,9.89,9.76,63752.0,626988.0,283.0,17.74,9.9260(2025-05-21),7.1500(2025-01-14),ciągłe
PEKAO,Bank Polska Kasa Opieki SA (PEO),182.55,2025-05-27,11:57:06,181.8,181.75,183.25,181.1,157331.0,28652666.0,1511.0,13.02,192.6000(2025-04-29),135.6500(2024-11-29),ciągłe
PEPCO,Pepco Group NV (PCO),17.105,2025-05-27,11:57:08,16.965,17.09,17.105,16.84,407758.0,6923758.0,1801.0,-31.16,24.6000(2024-06-03),14.0250(2025-04-04),ciągłe
PGE,Polska Grupa Energetyczna SA (PGE),9.23,2025-05-27,11:57:10,9.2,9.2,9.26,9.084,386220.0,3543598.0,1052.0,22.37,9.5940(2025-05-16),5.8440(2024-12-19),ciągłe
PKNORLEN,ORLEN SA (PKN),72.28,2025-05-27,11:57:11,71.9,71.9,72.3,71.25,693683.0,49921884.0,3663.0,9.31,73.0000(2025-05-13),46.3200(2024-12-17),ciągłe
PKOBP,Powszechna Kasa Oszczędności Bank Polski SA (PKO),76.28,2025-05-27,11:57:13,75.82,75.7,76.28,75.12,398092.0,30202934.0,2072.0,30.09,80.0400(2025-03-18),49.8400(2024-08-07),ciągłe
PZU,Powszechny Zakład Ubezpieczeń SA (PZU),60.58,2025-05-27,11:57:15,60.5,60.62,60.78,60.12,175157.0,10580418.0,1470.0,21.25,63.3200(2025-05-16),39.1500(2024-09-16),ciągłe
SANPL,Santander Bank Polska SA (SPL),512.4,2025-05-27,11:57:17,509.2,509.2,514.8,508.4,12951.0,6628618.0,841.0,-0.31,621.0000(2025-04-25),437.2000(2024-11-29),ciągłe
ZABKA,Grupa Żabka SA (ZAB),23.56,2025-05-27,11:57:18,23.58,23.59,23.75,23.46,469736.0,11090644.0,1610.0,-,24.7450(2025-01-17),17.9000(2024-11-25),ciągłe
ALIOR,Alior Bank SA (ALR),106.3,2025-05-27,12:27:27,106.65,106.65,107.45,105.15,54470.0,5790076.0,668.0,11.15,123.1500(2025-04-01),85.8600(2024-11-19),ciągłe
ALLEGRO,Allegro.eu SA (ALE),33.76,2025-05-27,12:27:31,33.515,33.25,33.835,33.24,654712.0,21991350.0,3059.0,-15.57,39.9750(2024-05-27),25.6700(2025-01-13),ciągłe
BUDIMEX,Budimex SA (BDX),661.4,2025-05-27,12:27:32,658.8,664.0,669.6,657.0,26956.0,17851992.0,1637.0,-16.86,796.0000(2024-05-27),440.4000(2024-12-17),ciągłe
CCC,CCC S.A. (CCC),238.4,2025-05-27,12:27:34,235.3,236.4,239.8,234.8,249990.0,59210704.0,2746.0,81.83,244.5000(2025-04-29),114.5000(2024-07-02),ciągłe
CDPROJEKT,CD Projekt SA (CDR),220.4,2025-05-27,12:27:36,220.1,221.5,221.9,218.7,56433.0,12433397.0,1826.0,57.71,257.6000(2025-05-02),130.3000(2024-05-29),ciągłe
DINOPL,Dino Polska SA (DNP),543.0,2025-05-27,12:27:38,544.8,541.0,544.0,538.4,25569.0,13846179.0,1287.0,35.65,556.2000(2025-05-08),303.3000(2024-09-16),ciągłe
KETY,Grupa Kęty SA (KTY),872.0,2025-05-27,12:27:40,867.5,866.0,877.0,864.5,1741.0,1516941.0,366.0,0.98,906.5000(2024-06-24),664.0000(2024-10-30),ciągłe
KGHM,KGHM Polska Miedź SA (KGH),125.85,2025-05-27,12:27:42,127.3,127.0,127.3,124.5,128957.0,16256774.0,1804.0,-20.65,163.7000(2024-09-26),106.5000(2025-04-09),ciągłe
KRUK,Kruk SA (KRU),419.5,2025-05-27,12:27:43,421.0,420.8,422.8,417.7,14256.0,5997021.0,1079.0,-6.95,476.8000(2024-07-09),352.0000(2025-04-09),ciągłe
LPP,LPP SA (LPP),15510.0,2025-05-27,12:27:46,15625.0,15740.0,15740.0,15430.0,1092.0,16974304.0,655.0,-9.58,18500.0000(2025-03-06),13670.0000(2024-09-11),ciągłe
MBANK,mBank S.A. (MBK),835.8,2025-05-27,12:27:48,826.4,826.2,839.4,813.4,4849.0,4046427.0,697.0,31.31,868.6000(2025-04-24),530.0000(2024-11-28),ciągłe
ORANGEPL,Orange Polska S.A. (OPL),9.88,2025-05-27,12:27:52,9.804,9.76,9.898,9.76,88917.0,875800.0,370.0,17.6,9.9260(2025-05-21),7.1500(2025-01-14),ciągłe
PEKAO,Bank Polska Kasa Opieki SA (PEO),182.15,2025-05-27,12:27:54,181.8,181.75,183.25,181.1,182636.0,33261294.0,1763.0,13.02,192.6000(2025-04-29),135.6500(2024-11-29),ciągłe
PEPCO,Pepco Group NV (PCO),17.085,2025-05-27,12:27:55,16.965,17.09,17.125,16.84,459860.0,7813973.0,2049.0,-30.49,24.6000(2024-06-03),14.0250(2025-04-04),ciągłe
PGE,Polska Grupa Energetyczna SA (PGE),9.192,2025-05-27,12:28:00,9.2,9.2,9.26,9.084,423011.0,3882374.0,1187.0,23.12,9.5940(2025-05-16),5.8440(2024-12-19),ciągłe
PKNORLEN,ORLEN SA (PKN),72.24,2025-05-27,12:28:03,71.9,71.9,72.4,71.25,910240.0,65566356.0,4917.0,10.01,73.0000(2025-05-13),46.3200(2024-12-17),ciągłe
PKOBP,Powszechna Kasa Oszczędności Bank Polski SA (PKO),76.12,2025-05-27,12:28:05,75.82,75.7,76.3,75.12,507676.0,38533464.0,2630.0,30.39,80.0400(2025-03-18),49.8400(2024-08-07),ciągłe
PZU,Powszechny Zakład Ubezpieczeń SA (PZU),60.4,2025-05-27,12:28:06,60.5,60.62,60.78,60.12,204784.0,12371451.0,1799.0,21.25,63.3200(2025-05-16),39.1500(2024-09-16),ciągłe
SANPL,Santander Bank Polska SA (SPL),510.8,2025-05-27,12:28:09,509.2,509.2,514.8,508.4,16147.0,8263731.0,1002.0,-0.23,621.0000(2025-04-25),437.2000(2024-11-29),ciągłe
ZABKA,Grupa Żabka SA (ZAB),23.53,2025-05-27,12:28:11,23.58,23.59,23.75,23.46,566849.0,13376911.0,1890.0,-,24.7450(2025-01-17),17.9000(2024-11-25),ciągłe
ALIOR,Alior Bank SA (ALR),106.4,2025-05-27,12:58:39,106.65,106.65,107.45,105.15,57395.0,6101345.0,713.0,11.36,123.1500(2025-04-01),85.8600(2024-11-19),ciągłe
ALLEGRO,Allegro.eu SA (ALE),33.58,2025-05-27,12:58:41,33.515,33.25,33.835,33.24,718549.0,24139886.0,3388.0,-15.97,39.9750(2024-05-27),25.6700(2025-01-13),ciągłe
BUDIMEX,Budimex SA (BDX),661.6,2025-05-27,12:58:42,658.8,664.0,669.6,657.0,29452.0,19504602.0,1815.0,-16.83,796.0000(2024-05-27),440.4000(2024-12-17),ciągłe
CCC,CCC S.A. (CCC),238.2,2025-05-27,12:58:44,235.3,236.4,239.8,234.8,263456.0,62417156.0,2982.0,81.83,244.5000(2025-04-29),114.5000(2024-07-02),ciągłe
CDPROJEKT,CD Projekt SA (CDR),220.3,2025-05-27,12:58:45,220.1,221.5,221.9,218.7,61918.0,13642524.0,1966.0,57.71,257.6000(2025-05-02),130.3000(2024-05-29),ciągłe
DINOPL,Dino Polska SA (DNP),543.0,2025-05-27,12:58:47,544.8,541.0,544.0,538.4,27135.0,14696307.0,1372.0,35.55,556.2000(2025-05-08),303.3000(2024-09-16),ciągłe
KETY,Grupa Kęty SA (KTY),872.5,2025-05-27,12:58:49,867.5,866.0,877.0,864.5,1811.0,1577962.0,383.0,0.98,906.5000(2024-06-24),664.0000(2024-10-30),ciągłe
KGHM,KGHM Polska Miedź SA (KGH),125.6,2025-05-27,12:58:50,127.3,127.0,127.3,124.5,155024.0,19532134.0,2039.0,-20.65,163.7000(2024-09-26),106.5000(2025-04-09),ciągłe
KRUK,Kruk SA (KRU),418.7,2025-05-27,12:58:52,421.0,420.8,422.8,417.7,15180.0,6384261.0,1177.0,-6.95,476.8000(2024-07-09),352.0000(2025-04-09),ciągłe
LPP,LPP SA (LPP),15505.0,2025-05-27,12:58:54,15625.0,15740.0,15740.0,15430.0,1133.0,17610810.0,693.0,-9.58,18500.0000(2025-03-06),13670.0000(2024-09-11),ciągłe
MBANK,mBank S.A. (MBK),836.2,2025-05-27,12:58:55,826.4,826.2,839.4,813.4,5079.0,4238563.0,751.0,31.31,868.6000(2025-04-24),530.0000(2024-11-28),ciągłe
ORANGEPL,Orange Polska S.A. (OPL),9.872,2025-05-27,12:58:57,9.804,9.76,9.898,9.76,95540.0,941231.0,399.0,17.6,9.9260(2025-05-21),7.1500(2025-01-14),ciągłe
PEKAO,Bank Polska Kasa Opieki SA (PEO),182.3,2025-05-27,12:59:00,181.8,181.75,183.25,181.1,195731.0,35646668.0,1888.0,13.02,192.6000(2025-04-29),135.6500(2024-11-29),ciągłe
PEPCO,Pepco Group NV (PCO),16.965,2025-05-27,12:59:01,16.965,17.09,17.125,16.84,493391.0,8384611.0,2197.0,-30.49,24.6000(2024-06-03),14.0250(2025-04-04),ciągłe
PGE,Polska Grupa Energetyczna SA (PGE),9.186,2025-05-27,12:59:22,9.2,9.2,9.26,9.084,449514.0,4125754.0,1279.0,23.12,9.5940(2025-05-16),5.8440(2024-12-19),ciągłe
PKNORLEN,ORLEN SA (PKN),72.23,2025-05-27,12:59:23,71.9,71.9,72.4,71.25,1009550.0,72742368.0,5617.0,10.01,73.0000(2025-05-13),46.3200(2024-12-17),ciągłe
PKOBP,Powszechna Kasa Oszczędności Bank Polski SA (PKO),76.18,2025-05-27,12:59:25,75.82,75.7,76.3,75.12,567151.0,43058872.0,2871.0,30.39,80.0400(2025-03-18),49.8400(2024-08-07),ciągłe
PZU,Powszechny Zakład Ubezpieczeń SA (PZU),60.48,2025-05-27,12:59:27,60.5,60.62,60.78,60.12,232474.0,14046058.0,2020.0,21.25,63.3200(2025-05-16),39.1500(2024-09-16),ciągłe
SANPL,Santander Bank Polska SA (SPL),510.8,2025-05-27,12:59:30,509.2,509.2,514.8,508.4,16825.0,8610034.0,1042.0,-0.23,621.0000(2025-04-25),437.2000(2024-11-29),ciągłe
ZABKA,Grupa Żabka SA (ZAB),23.56,2025-05-27,12:59:32,23.58,23.59,23.75,23.46,620072.0,14630506.0,2047.0,-,24.7450(2025-01-17),17.9000(2024-11-25),ciągłe
ALIOR,Alior Bank SA (ALR),106.55,2025-05-27,13:29:41,106.65,106.65,107.45,105.15,60448.0,6426226.0,770.0,11.2,123.1500(2025-04-01),85.8600(2024-11-19),ciągłe
ALLEGRO,Allegro.eu SA (ALE),33.56,2025-05-27,13:29:43,33.515,33.25,33.835,33.24,779832.0,26198364.0,3686.0,-15.96,39.9750(2024-05-27),25.6700(2025-01-13),ciągłe
BUDIMEX,Budimex SA (BDX),658.6,2025-05-27,13:29:44,658.8,664.0,669.6,657.0,30985.0,20517056.0,1922.0,-17.24,796.0000(2024-05-27),440.4000(2024-12-17),ciągłe
CCC,CCC S.A. (CCC),237.1,2025-05-27,13:29:46,235.3,236.4,239.8,234.8,279479.0,66224060.0,3246.0,81.07,244.5000(2025-04-29),114.5000(2024-07-02),ciągłe
CDPROJEKT,CD Projekt SA (CDR),220.0,2025-05-27,13:29:48,220.1,221.5,221.9,218.7,84334.0,18575156.0,2254.0,57.42,257.6000(2025-05-02),130.3000(2024-05-29),ciągłe
DINOPL,Dino Polska SA (DNP),542.0,2025-05-27,13:29:50,544.8,541.0,544.0,538.4,30116.0,16312947.0,1541.0,35.5,556.2000(2025-05-08),303.3000(2024-09-16),ciągłe
KETY,Grupa Kęty SA (KTY),871.0,2025-05-27,13:29:52,867.5,866.0,877.0,864.5,1983.0,1727849.0,437.0,0.98,906.5000(2024-06-24),664.0000(2024-10-30),ciągłe
KGHM,KGHM Polska Miedź SA (KGH),125.6,2025-05-27,13:29:55,127.3,127.0,127.3,124.5,171824.0,21639976.0,2249.0,-20.65,163.7000(2024-09-26),106.5000(2025-04-09),ciągłe
KRUK,Kruk SA (KRU),417.9,2025-05-27,13:29:56,421.0,420.8,422.8,417.2,15886.0,6679614.0,1315.0,-6.95,476.8000(2024-07-09),352.0000(2025-04-09),ciągłe
LPP,LPP SA (LPP),15480.0,2025-05-27,13:29:58,15625.0,15740.0,15740.0,15430.0,1209.0,18789904.0,760.0,-9.58,18500.0000(2025-03-06),13670.0000(2024-09-11),ciągłe
MBANK,mBank S.A. (MBK),835.6,2025-05-27,13:30:00,826.4,826.2,839.4,813.4,5787.0,4830275.0,857.0,31.31,868.6000(2025-04-24),530.0000(2024-11-28),ciągłe
ORANGEPL,Orange Polska S.A. (OPL),9.886,2025-05-27,13:30:03,9.804,9.76,9.898,9.76,113630.0,1120059.0,473.0,17.6,9.9260(2025-05-21),7.1500(2025-01-14),ciągłe
PEKAO,Bank Polska Kasa Opieki SA (PEO),182.4,2025-05-27,13:30:04,181.8,181.75,183.25,181.1,209076.0,38079964.0,2013.0,13.02,192.6000(2025-04-29),135.6500(2024-11-29),ciągłe
PEPCO,Pepco Group NV (PCO),16.955,2025-05-27,13:30:06,16.965,17.09,17.125,16.84,526721.0,8950411.0,2321.0,-30.49,24.6000(2024-06-03),14.0250(2025-04-04),ciągłe
PGE,Polska Grupa Energetyczna SA (PGE),9.136,2025-05-27,13:30:08,9.2,9.2,9.26,9.084,484821.0,4449359.0,1394.0,23.12,9.5940(2025-05-16),5.8440(2024-12-19),ciągłe
PKNORLEN,ORLEN SA (PKN),72.19,2025-05-27,13:30:10,71.9,71.9,72.4,71.25,1127892.0,81285048.0,6193.0,10.01,73.0000(2025-05-13),46.3200(2024-12-17),ciągłe
PKOBP,Powszechna Kasa Oszczędności Bank Polski SA (PKO),76.1,2025-05-27,13:30:11,75.82,75.7,76.3,75.12,651966.0,49517644.0,3167.0,30.39,80.0400(2025-03-18),49.8400(2024-08-07),ciągłe
PZU,Powszechny Zakład Ubezpieczeń SA (PZU),60.48,2025-05-27,13:30:13,60.5,60.62,60.78,60.12,288542.0,17439836.0,2317.0,21.25,63.3200(2025-05-16),39.1500(2024-09-16),ciągłe
SANPL,Santander Bank Polska SA (SPL),511.2,2025-05-27,13:30:15,509.2,509.2,514.8,508.4,18841.0,9641438.0,1133.0,-0.23,621.0000(2025-04-25),437.2000(2024-11-29),ciągłe
ZABKA,Grupa Żabka SA (ZAB),23.51,2025-05-27,13:30:17,23.58,23.59,23.75,23.46,757630.0,17869096.0,2276.0,-,24.7450(2025-01-17),17.9000(2024-11-25),ciągłe
ALIOR,Alior Bank SA (ALR),106.5,2025-05-27,14:00:26,106.65,106.65,107.45,105.15,62422.0,6636434.0,810.0,11.46,123.1500(2025-04-01),85.8600(2024-11-19),ciągłe
ALLEGRO,Allegro.eu SA (ALE),33.52,2025-05-27,14:00:28,33.515,33.25,33.835,33.24,860444.0,28902390.0,4023.0,-16.15,39.9750(2024-05-27),25.6700(2025-01-13),ciągłe
BUDIMEX,Budimex SA (BDX),661.4,2025-05-27,14:00:29,658.8,664.0,669.6,657.0,33351.0,22077446.0,2110.0,-17.06,796.0000(2024-05-27),440.4000(2024-12-17),ciągłe
CCC,CCC S.A. (CCC),237.8,2025-05-27,14:00:31,235.3,236.4,239.8,234.8,290718.0,68890952.0,3437.0,81.53,244.5000(2025-04-29),114.5000(2024-07-02),ciągłe
CDPROJEKT,CD Projekt SA (CDR),220.2,2025-05-27,14:00:33,220.1,221.5,221.9,218.7,89760.0,19769046.0,2402.0,57.57,257.6000(2025-05-02),130.3000(2024-05-29),ciągłe
DINOPL,Dino Polska SA (DNP),545.0,2025-05-27,14:00:52,544.8,541.0,545.0,538.4,33426.0,18110500.0,1687.0,35.9,556.2000(2025-05-08),303.3000(2024-09-16),ciągłe
KETY,Grupa Kęty SA (KTY),873.0,2025-05-27,14:01:08,867.5,866.0,877.0,864.5,2039.0,1776681.0,461.0,0.98,906.5000(2024-06-24),664.0000(2024-10-30),ciągłe
KGHM,KGHM Polska Miedź SA (KGH),125.55,2025-05-27,14:01:09,127.3,127.0,127.3,124.5,179236.0,22571432.0,2361.0,-20.65,163.7000(2024-09-26),106.5000(2025-04-09),ciągłe
KRUK,Kruk SA (KRU),417.8,2025-05-27,14:01:11,421.0,420.8,422.8,417.2,16576.0,6967947.0,1405.0,-6.95,476.8000(2024-07-09),352.0000(2025-04-09),ciągłe
LPP,LPP SA (LPP),15525.0,2025-05-27,14:01:13,15625.0,15740.0,15740.0,15430.0,1257.0,19533616.0,807.0,-9.58,18500.0000(2025-03-06),13670.0000(2024-09-11),ciągłe
MBANK,mBank S.A. (MBK),844.0,2025-05-27,14:01:22,826.4,826.2,844.4,813.4,8438.0,7057130.0,1030.0,31.31,868.6000(2025-04-24),530.0000(2024-11-28),ciągłe
ORANGEPL,Orange Polska S.A. (OPL),9.886,2025-05-27,14:01:23,9.804,9.76,9.898,9.76,136364.0,1344959.0,540.0,17.6,9.9260(2025-05-21),7.1500(2025-01-14),ciągłe
PEKAO,Bank Polska Kasa Opieki SA (PEO),183.55,2025-05-27,14:01:25,181.8,181.75,183.6,181.1,245315.0,44718792.0,2339.0,13.02,192.6000(2025-04-29),135.6500(2024-11-29),ciągłe
PEPCO,Pepco Group NV (PCO),17.05,2025-05-27,14:01:29,16.965,17.09,17.125,16.84,571372.0,9710544.0,2527.0,-30.49,24.6000(2024-06-03),14.0250(2025-04-04),ciągłe
PGE,Polska Grupa Energetyczna SA (PGE),9.122,2025-05-27,14:01:31,9.2,9.2,9.26,9.084,536431.0,4920905.0,1551.0,23.12,9.5940(2025-05-16),5.8440(2024-12-19),ciągłe
PKNORLEN,ORLEN SA (PKN),72.25,2025-05-27,14:01:33,71.9,71.9,72.4,71.25,1348807.0,97205600.0,7349.0,10.01,73.0000(2025-05-13),46.3200(2024-12-17),ciągłe
PKOBP,Powszechna Kasa Oszczędności Bank Polski SA (PKO),76.64,2025-05-27,14:01:34,75.82,75.7,76.72,75.12,874449.0,66489056.0,3691.0,30.39,80.0400(2025-03-18),49.8400(2024-08-07),ciągłe
PZU,Powszechny Zakład Ubezpieczeń SA (PZU),60.72,2025-05-27,14:01:36,60.5,60.62,60.78,60.12,325835.0,19699552.0,2611.0,21.25,63.3200(2025-05-16),39.1500(2024-09-16),ciągłe
SANPL,Santander Bank Polska SA (SPL),510.0,2025-05-27,14:01:38,509.2,509.2,514.8,508.4,28386.0,14516259.0,1395.0,-0.23,621.0000(2025-04-25),437.2000(2024-11-29),ciągłe
ZABKA,Grupa Żabka SA (ZAB),23.55,2025-05-27,14:01:40,23.58,23.59,23.75,23.46,818902.0,19309332.0,2463.0,-,24.7450(2025-01-17),17.9000(2024-11-25),ciągłe
ALIOR,Alior Bank SA (ALR),106.75,2025-05-27,14:31:49,106.65,106.65,107.45,105.15,67640.0,7193113.0,892.0,11.62,123.1500(2025-04-01),85.8600(2024-11-19),ciągłe
ALLEGRO,Allegro.eu SA (ALE),33.62,2025-05-27,14:31:50,33.515,33.25,33.835,33.24,941807.0,31629918.0,4375.0,-15.92,39.9750(2024-05-27),25.6700(2025-01-13),ciągłe
BUDIMEX,Budimex SA (BDX),661.0,2025-05-27,14:31:52,658.8,664.0,669.6,657.0,45602.0,30191260.0,2610.0,-16.96,796.0000(2024-05-27),440.4000(2024-12-17),ciągłe
CCC,CCC S.A. (CCC),237.6,2025-05-27,14:31:54,235.3,236.4,239.8,234.8,311360.0,73795112.0,3732.0,81.3,244.5000(2025-04-29),114.5000(2024-07-02),ciągłe
CDPROJEKT,CD Projekt SA (CDR),220.2,2025-05-27,14:31:55,220.1,221.5,221.9,218.7,108361.0,23861364.0,2673.0,57.5,257.6000(2025-05-02),130.3000(2024-05-29),ciągłe
DINOPL,Dino Polska SA (DNP),545.2,2025-05-27,14:31:58,544.8,541.0,545.2,538.4,36245.0,19646162.0,1814.0,36.1,556.2000(2025-05-08),303.3000(2024-09-16),ciągłe
KETY,Grupa Kęty SA (KTY),873.0,2025-05-27,14:32:01,867.5,866.0,877.0,864.5,2195.0,1912689.0,510.0,0.98,906.5000(2024-06-24),664.0000(2024-10-30),ciągłe
KGHM,KGHM Polska Miedź SA (KGH),125.95,2025-05-27,14:32:02,127.3,127.0,127.3,124.5,229067.0,28842994.0,2830.0,-20.65,163.7000(2024-09-26),106.5000(2025-04-09),ciągłe
KRUK,Kruk SA (KRU),418.4,2025-05-27,14:32:04,421.0,420.8,422.8,417.2,16989.0,7140640.0,1499.0,-6.95,476.8000(2024-07-09),352.0000(2025-04-09),ciągłe
LPP,LPP SA (LPP),15540.0,2025-05-27,14:32:06,15625.0,15740.0,15740.0,15430.0,1342.0,20854124.0,877.0,-9.58,18500.0000(2025-03-06),13670.0000(2024-09-11),ciągłe
MBANK,mBank S.A. (MBK),843.8,2025-05-27,14:32:09,826.4,826.2,844.6,813.4,9375.0,7846635.0,1142.0,31.31,868.6000(2025-04-24),530.0000(2024-11-28),ciągłe
ORANGEPL,Orange Polska S.A. (OPL),9.876,2025-05-27,14:32:11,9.804,9.76,9.898,9.76,145540.0,1435586.0,586.0,17.6,9.9260(2025-05-21),7.1500(2025-01-14),ciągłe
PEKAO,Bank Polska Kasa Opieki SA (PEO),183.4,2025-05-27,14:32:13,181.8,181.75,183.6,181.1,280772.0,51211088.0,2616.0,13.02,192.6000(2025-04-29),135.6500(2024-11-29),ciągłe
PEPCO,Pepco Group NV (PCO),17.09,2025-05-27,14:32:15,16.965,17.09,17.125,16.84,635100.0,10799058.0,2764.0,-30.49,24.6000(2024-06-03),14.0250(2025-04-04),ciągłe
PGE,Polska Grupa Energetyczna SA (PGE),9.132,2025-05-27,14:32:17,9.2,9.2,9.26,9.084,602776.0,5526313.0,1698.0,23.12,9.5940(2025-05-16),5.8440(2024-12-19),ciągłe
PKNORLEN,ORLEN SA (PKN),72.25,2025-05-27,14:32:19,71.9,71.9,72.4,71.25,1571350.0,113305352.0,8161.0,10.01,73.0000(2025-05-13),46.3200(2024-12-17),ciągłe
PKOBP,Powszechna Kasa Oszczędności Bank Polski SA (PKO),76.58,2025-05-27,14:32:20,75.82,75.7,76.76,75.12,1028330.0,78271048.0,4283.0,30.39,80.0400(2025-03-18),49.8400(2024-08-07),ciągłe
PZU,Powszechny Zakład Ubezpieczeń SA (PZU),60.84,2025-05-27,14:32:22,60.5,60.62,60.86,60.12,404254.0,24463388.0,3021.0,21.25,63.3200(2025-05-16),39.1500(2024-09-16),ciągłe
SANPL,Santander Bank Polska SA (SPL),510.4,2025-05-27,14:32:24,509.2,509.2,514.8,508.4,38843.0,19857298.0,1626.0,-0.23,621.0000(2025-04-25),437.2000(2024-11-29),ciągłe
ZABKA,Grupa Żabka SA (ZAB),23.6,2025-05-27,14:32:27,23.58,23.59,23.75,23.46,903810.0,21310492.0,2759.0,-,24.7450(2025-01-17),17.9000(2024-11-25),ciągłe
ALIOR,Alior Bank SA (ALR),106.6,2025-05-27,15:02:36,106.65,106.65,107.45,105.15,71811.0,7638272.0,968.0,11.46,123.1500(2025-04-01),85.8600(2024-11-19),ciągłe
ALLEGRO,Allegro.eu SA (ALE),33.47,2025-05-27,15:02:37,33.515,33.25,33.835,33.24,1021107.0,34289752.0,4735.0,-16.27,39.9750(2024-05-27),25.6700(2025-01-13),ciągłe
BUDIMEX,Budimex SA (BDX),661.0,2025-05-27,15:02:39,658.8,664.0,669.6,657.0,49247.0,32602778.0,2831.0,-16.96,796.0000(2024-05-27),440.4000(2024-12-17),ciągłe
CCC,CCC S.A. (CCC),238.4,2025-05-27,15:02:40,235.3,236.4,239.8,234.8,334336.0,79262104.0,4053.0,81.98,244.5000(2025-04-29),114.5000(2024-07-02),ciągłe
CDPROJEKT,CD Projekt SA (CDR),219.9,2025-05-27,15:02:42,220.1,221.5,221.9,218.7,116713.0,25697172.0,2881.0,57.35,257.6000(2025-05-02),130.3000(2024-05-29),ciągłe
DINOPL,Dino Polska SA (DNP),546.4,2025-05-27,15:02:44,544.8,541.0,546.4,538.4,40292.0,21853590.0,2008.0,36.35,556.2000(2025-05-08),303.3000(2024-09-16),ciągłe
KETY,Grupa Kęty SA (KTY),872.5,2025-05-27,15:02:45,867.5,866.0,877.0,864.5,2302.0,2005998.0,534.0,0.98,906.5000(2024-06-24),664.0000(2024-10-30),ciągłe
KGHM,KGHM Polska Miedź SA (KGH),125.35,2025-05-27,15:02:47,127.3,127.0,127.3,124.5,264040.0,33235940.0,3178.0,-20.75,163.7000(2024-09-26),106.5000(2025-04-09),ciągłe
KRUK,Kruk SA (KRU),416.9,2025-05-27,15:02:49,421.0,420.8,422.8,416.6,18274.0,7677549.0,1661.0,-7.33,476.8000(2024-07-09),352.0000(2025-04-09),ciągłe
LPP,LPP SA (LPP),15520.0,2025-05-27,15:02:50,15625.0,15740.0,15740.0,15430.0,1437.0,22331084.0,955.0,-9.29,18500.0000(2025-03-06),13670.0000(2024-09-11),ciągłe
MBANK,mBank S.A. (MBK),839.4,2025-05-27,15:02:52,826.4,826.2,844.6,813.4,10304.0,8628715.0,1255.0,32.63,868.6000(2025-04-24),530.0000(2024-11-28),ciągłe
ORANGEPL,Orange Polska S.A. (OPL),9.852,2025-05-27,15:02:53,9.804,9.76,9.898,9.76,163377.0,1611537.0,678.0,17.24,9.9260(2025-05-21),7.1500(2025-01-14),ciągłe
PEKAO,Bank Polska Kasa Opieki SA (PEO),182.75,2025-05-27,15:02:55,181.8,181.75,183.6,181.1,308113.0,56217376.0,2874.0,13.52,192.6000(2025-04-29),135.6500(2024-11-29),ciągłe
PEPCO,Pepco Group NV (PCO),17.0,2025-05-27,15:02:56,16.965,17.09,17.125,16.84,659184.0,11209497.0,2887.0,-30.51,24.6000(2024-06-03),14.0250(2025-04-04),ciągłe
PGE,Polska Grupa Energetyczna SA (PGE),9.146,2025-05-27,15:02:58,9.2,9.2,9.26,9.084,689176.0,6315601.0,1927.0,21.91,9.5940(2025-05-16),5.8440(2024-12-19),ciągłe
PKNORLEN,ORLEN SA (PKN),72.36,2025-05-27,15:03:00,71.9,71.9,72.4,71.25,1709972.0,123333272.0,9093.0,9.86,73.0000(2025-05-13),46.3200(2024-12-17),ciągłe
PKOBP,Powszechna Kasa Oszczędności Bank Polski SA (PKO),76.52,2025-05-27,15:03:02,75.82,75.7,76.76,75.12,1124720.0,85648328.0,4690.0,31.32,80.0400(2025-03-18),49.8400(2024-08-07),ciągłe
PZU,Powszechny Zakład Ubezpieczeń SA (PZU),60.76,2025-05-27,15:03:03,60.5,60.62,60.86,60.12,478638.0,28981726.0,3416.0,21.69,63.3200(2025-05-16),39.1500(2024-09-16),ciągłe
SANPL,Santander Bank Polska SA (SPL),508.8,2025-05-27,15:03:06,509.2,509.2,514.8,508.4,40470.0,20686394.0,1697.0,-0.55,621.0000(2025-04-25),437.2000(2024-11-29),ciągłe
ZABKA,Grupa Żabka SA (ZAB),23.57,2025-05-27,15:03:08,23.58,23.59,23.75,23.46,1124362.0,26511760.0,3102.0,-,24.7450(2025-01-17),17.9000(2024-11-25),ciągłe
ALIOR,Alior Bank SA (ALR),107.15,2025-05-27,15:33:16,106.65,106.65,107.45,105.15,89544.0,9531166.0,1108.0,12.03,123.1500(2025-04-01),85.8600(2024-11-19),ciągłe
ALLEGRO,Allegro.eu SA (ALE),33.555,2025-05-27,15:33:18,33.515,33.25,33.835,33.24,1131445.0,37992368.0,5243.0,-16.05,39.9750(2024-05-27),25.6700(2025-01-13),ciągłe
BUDIMEX,Budimex SA (BDX),664.2,2025-05-27,15:33:20,658.8,664.0,669.6,657.0,55992.0,37078024.0,3180.0,-16.46,796.0000(2024-05-27),440.4000(2024-12-17),ciągłe
CCC,CCC S.A. (CCC),238.5,2025-05-27,15:33:22,235.3,236.4,239.8,234.8,395517.0,93847440.0,4493.0,82.21,244.5000(2025-04-29),114.5000(2024-07-02),ciągłe
CDPROJEKT,CD Projekt SA (CDR),220.6,2025-05-27,15:33:23,220.1,221.5,221.9,218.7,126332.0,27816218.0,3180.0,57.71,257.6000(2025-05-02),130.3000(2024-05-29),ciągłe
DINOPL,Dino Polska SA (DNP),546.4,2025-05-27,15:33:25,544.8,541.0,547.4,538.4,46023.0,24984838.0,2280.0,36.5,556.2000(2025-05-08),303.3000(2024-09-16),ciągłe
KETY,Grupa Kęty SA (KTY),871.0,2025-05-27,15:33:27,867.5,866.0,877.0,864.5,2795.0,2436497.0,619.0,0.93,906.5000(2024-06-24),664.0000(2024-10-30),ciągłe
KGHM,KGHM Polska Miedź SA (KGH),125.8,2025-05-27,15:33:28,127.3,127.0,127.3,124.5,294571.0,37071708.0,3467.0,-21.06,163.7000(2024-09-26),106.5000(2025-04-09),ciągłe
KRUK,Kruk SA (KRU),419.1,2025-05-27,15:33:31,421.0,420.8,422.8,416.6,19280.0,8098293.0,1806.0,-7.6,476.8000(2024-07-09),352.0000(2025-04-09),ciągłe
LPP,LPP SA (LPP),15505.0,2025-05-27,15:33:33,15625.0,15740.0,15740.0,15430.0,1775.0,27582540.0,1108.0,-9.35,18500.0000(2025-03-06),13670.0000(2024-09-11),ciągłe
MBANK,mBank S.A. (MBK),840.2,2025-05-27,15:33:34,826.4,826.2,844.6,813.4,11533.0,9661259.0,1414.0,32.13,868.6000(2025-04-24),530.0000(2024-11-28),ciągłe
ORANGEPL,Orange Polska S.A. (OPL),9.838,2025-05-27,15:33:37,9.804,9.76,9.898,9.76,198312.0,1955592.0,808.0,17.24,9.9260(2025-05-21),7.1500(2025-01-14),ciągłe
PEKAO,Bank Polska Kasa Opieki SA (PEO),183.5,2025-05-27,15:33:39,181.8,181.75,183.8,181.1,355601.0,64929132.0,3326.0,13.58,192.6000(2025-04-29),135.6500(2024-11-29),ciągłe
PEPCO,Pepco Group NV (PCO),17.02,2025-05-27,15:33:41,16.965,17.09,17.125,16.84,688974.0,11716524.0,3021.0,-30.71,24.6000(2024-06-03),14.0250(2025-04-04),ciągłe
PGE,Polska Grupa Energetyczna SA (PGE),9.17,2025-05-27,15:33:42,9.2,9.2,9.26,9.084,897899.0,8232644.0,2298.0,22.74,9.5940(2025-05-16),5.8440(2024-12-19),ciągłe
PKNORLEN,ORLEN SA (PKN),72.24,2025-05-27,15:33:44,71.9,71.9,72.4,71.25,1969934.0,142144192.0,10714.0,10.1,73.0000(2025-05-13),46.3200(2024-12-17),ciągłe
PKOBP,Powszechna Kasa Oszczędności Bank Polski SA (PKO),77.02,2025-05-27,15:33:46,75.82,75.7,77.06,75.12,1354333.0,103295952.0,5579.0,31.56,80.0400(2025-03-18),49.8400(2024-08-07),ciągłe
PZU,Powszechny Zakład Ubezpieczeń SA (PZU),60.64,2025-05-27,15:33:47,60.5,60.62,60.86,60.12,586258.0,35515604.0,4057.0,21.97,63.3200(2025-05-16),39.1500(2024-09-16),ciągłe
SANPL,Santander Bank Polska SA (SPL),509.6,2025-05-27,15:33:51,509.2,509.2,514.8,508.4,46773.0,23897490.0,1874.0,-0.7,621.0000(2025-04-25),437.2000(2024-11-29),ciągłe
ZABKA,Grupa Żabka SA (ZAB),23.57,2025-05-27,15:33:52,23.58,23.59,23.75,23.46,1276124.0,30090122.0,3488.0,-,24.7450(2025-01-17),17.9000(2024-11-25),ciągłe
ALIOR,Alior Bank SA (ALR),107.05,2025-05-27,16:04:01,106.65,106.65,107.45,105.15,100481.0,10701588.0,1247.0,11.77,123.1500(2025-04-01),85.8600(2024-11-19),ciągłe
ALLEGRO,Allegro.eu SA (ALE),33.51,2025-05-27,16:04:02,33.515,33.25,33.835,33.24,1246221.0,41839340.0,5836.0,-16.17,39.9750(2024-05-27),25.6700(2025-01-13),ciągłe
BUDIMEX,Budimex SA (BDX),662.2,2025-05-27,16:04:05,658.8,664.0,669.6,657.0,60750.0,40234748.0,3477.0,-16.76,796.0000(2024-05-27),440.4000(2024-12-17),ciągłe
CCC,CCC S.A. (CCC),238.4,2025-05-27,16:04:06,235.3,236.4,239.8,234.8,433825.0,102985120.0,4866.0,81.76,244.5000(2025-04-29),114.5000(2024-07-02),ciągłe
CDPROJEKT,CD Projekt SA (CDR),220.4,2025-05-27,16:04:08,220.1,221.5,221.9,218.7,139541.0,30730294.0,3566.0,57.71,257.6000(2025-05-02),130.3000(2024-05-29),ciągłe
DINOPL,Dino Polska SA (DNP),548.0,2025-05-27,16:04:09,544.8,541.0,548.4,538.4,61269.0,33322510.0,2880.0,36.9,556.2000(2025-05-08),303.3000(2024-09-16),ciągłe
KETY,Grupa Kęty SA (KTY),868.5,2025-05-27,16:04:11,867.5,866.0,877.0,864.5,3447.0,3004151.0,735.0,0.93,906.5000(2024-06-24),664.0000(2024-10-30),ciągłe
KGHM,KGHM Polska Miedź SA (KGH),125.65,2025-05-27,16:04:13,127.3,127.0,127.3,124.5,409633.0,51546104.0,4035.0,-21.06,163.7000(2024-09-26),106.5000(2025-04-09),ciągłe
KRUK,Kruk SA (KRU),418.6,2025-05-27,16:04:15,421.0,420.8,422.8,416.6,20578.0,8641867.0,1974.0,-7.6,476.8000(2024-07-09),352.0000(2025-04-09),ciągłe
LPP,LPP SA (LPP),15520.0,2025-05-27,16:04:17,15625.0,15740.0,15740.0,15430.0,2009.0,31217056.0,1255.0,-9.35,18500.0000(2025-03-06),13670.0000(2024-09-11),ciągłe
MBANK,mBank S.A. (MBK),839.4,2025-05-27,16:04:18,826.4,826.2,844.6,813.4,13343.0,11181439.0,1667.0,32.13,868.6000(2025-04-24),530.0000(2024-11-28),ciągłe
ORANGEPL,Orange Polska S.A. (OPL),9.828,2025-05-27,16:04:20,9.804,9.76,9.898,9.76,238785.0,2353496.0,976.0,17.24,9.9260(2025-05-21),7.1500(2025-01-14),ciągłe
PEKAO,Bank Polska Kasa Opieki SA (PEO),183.5,2025-05-27,16:04:21,181.8,181.75,183.8,181.1,388575.0,70978728.0,3747.0,13.58,192.6000(2025-04-29),135.6500(2024-11-29),ciągłe
PEPCO,Pepco Group NV (PCO),17.065,2025-05-27,16:04:24,16.965,17.09,17.125,16.84,794003.0,13503235.0,3328.0,-30.71,24.6000(2024-06-03),14.0250(2025-04-04),ciągłe
PGE,Polska Grupa Energetyczna SA (PGE),9.204,2025-05-27,16:04:26,9.2,9.2,9.26,9.084,1115149.0,10230549.0,2778.0,22.74,9.5940(2025-05-16),5.8440(2024-12-19),ciągłe
PKNORLEN,ORLEN SA (PKN),72.24,2025-05-27,16:04:28,71.9,71.9,72.4,71.25,2141339.0,154531488.0,11801.0,10.1,73.0000(2025-05-13),46.3200(2024-12-17),ciągłe
PKOBP,Powszechna Kasa Oszczędności Bank Polski SA (PKO),76.78,2025-05-27,16:04:30,75.82,75.7,77.06,75.12,1565679.0,119542720.0,6429.0,31.56,80.0400(2025-03-18),49.8400(2024-08-07),ciągłe
PZU,Powszechny Zakład Ubezpieczeń SA (PZU),60.38,2025-05-27,16:04:32,60.5,60.62,60.86,60.12,733624.0,44439324.0,4889.0,21.97,63.3200(2025-05-16),39.1500(2024-09-16),ciągłe
SANPL,Santander Bank Polska SA (SPL),509.6,2025-05-27,16:04:35,509.2,509.2,514.8,508.4,54228.0,27700076.0,2094.0,-0.7,621.0000(2025-04-25),437.2000(2024-11-29),ciągłe
ZABKA,Grupa Żabka SA (ZAB),23.57,2025-05-27,16:04:37,23.58,23.59,23.75,23.46,1602620.0,37770724.0,3988.0,-,24.7450(2025-01-17),17.9000(2024-11-25),ciągłe
ALIOR,Alior Bank SA (ALR),107.2,2025-05-27,16:34:47,106.65,106.65,107.45,105.15,113724.0,12120678.0,1414.0,12.24,123.1500(2025-04-01),85.8600(2024-11-19),ciągłe
ALLEGRO,Allegro.eu SA (ALE),33.62,2025-05-27,16:34:48,33.515,33.25,33.835,33.24,1522390.0,51097424.0,7074.0,-15.91,39.9750(2024-05-27),25.6700(2025-01-13),ciągłe
BUDIMEX,Budimex SA (BDX),664.8,2025-05-27,16:34:50,658.8,664.0,669.6,657.0,65259.0,43222104.0,3821.0,-16.48,796.0000(2024-05-27),440.4000(2024-12-17),ciągłe
CCC,CCC S.A. (CCC),239.1,2025-05-27,16:34:51,235.3,236.4,239.8,234.8,461061.0,109490664.0,5220.0,82.44,244.5000(2025-04-29),114.5000(2024-07-02),ciągłe
CDPROJEKT,CD Projekt SA (CDR),220.5,2025-05-27,16:34:53,220.1,221.5,221.9,218.7,156327.0,34434076.0,4119.0,57.85,257.6000(2025-05-02),130.3000(2024-05-29),ciągłe
DINOPL,Dino Polska SA (DNP),553.2,2025-05-27,16:34:55,544.8,541.0,553.4,538.4,79169.0,43174284.0,3558.0,38.0,556.2000(2025-05-08),303.3000(2024-09-16),ciągłe
KETY,Grupa Kęty SA (KTY),874.5,2025-05-27,16:34:58,867.5,866.0,877.0,864.5,4302.0,3748910.0,891.0,0.93,906.5000(2024-06-24),664.0000(2024-10-30),ciągłe
KGHM,KGHM Polska Miedź SA (KGH),126.0,2025-05-27,16:34:59,127.3,127.0,127.3,124.5,459494.0,57817000.0,4530.0,-21.06,163.7000(2024-09-26),106.5000(2025-04-09),ciągłe
KRUK,Kruk SA (KRU),420.0,2025-05-27,16:35:01,421.0,420.8,422.8,416.6,22982.0,9650321.0,2228.0,-7.6,476.8000(2024-07-09),352.0000(2025-04-09),ciągłe
LPP,LPP SA (LPP),15620.0,2025-05-27,16:35:03,15625.0,15740.0,15740.0,15430.0,2355.0,36602448.0,1465.0,-9.35,18500.0000(2025-03-06),13670.0000(2024-09-11),ciągłe
MBANK,mBank S.A. (MBK),842.8,2025-05-27,16:35:06,826.4,826.2,844.6,813.4,15781.0,13232393.0,2065.0,32.13,868.6000(2025-04-24),530.0000(2024-11-28),ciągłe
ORANGEPL,Orange Polska S.A. (OPL),9.844,2025-05-27,16:35:08,9.804,9.76,9.898,9.76,323368.0,3185496.0,1234.0,17.24,9.9260(2025-05-21),7.1500(2025-01-14),ciągłe
PEKAO,Bank Polska Kasa Opieki SA (PEO),185.2,2025-05-27,16:35:10,181.8,181.75,185.55,181.1,548434.0,100488952.0,5188.0,13.58,192.6000(2025-04-29),135.6500(2024-11-29),ciągłe
PEPCO,Pepco Group NV (PCO),17.335,2025-05-27,16:35:12,16.965,17.09,17.35,16.84,1089139.0,18572590.0,3996.0,-30.71,24.6000(2024-06-03),14.0250(2025-04-04),ciągłe
PGE,Polska Grupa Energetyczna SA (PGE),9.292,2025-05-27,16:35:14,9.2,9.2,9.338,9.084,1541895.0,14179664.0,3572.0,22.74,9.5940(2025-05-16),5.8440(2024-12-19),ciągłe
PKNORLEN,ORLEN SA (PKN),72.49,2025-05-27,16:35:15,71.9,71.9,72.55,71.25,2790203.0,201476752.0,13969.0,10.1,73.0000(2025-05-13),46.3200(2024-12-17),ciągłe
PKOBP,Powszechna Kasa Oszczędności Bank Polski SA (PKO),77.26,2025-05-27,16:35:17,75.82,75.7,77.34,75.12,1783984.0,136364096.0,7417.0,31.56,80.0400(2025-03-18),49.8400(2024-08-07),ciągłe
PZU,Powszechny Zakład Ubezpieczeń SA (PZU),60.64,2025-05-27,16:35:19,60.5,60.62,60.86,60.12,862246.0,52213544.0,5865.0,21.97,63.3200(2025-05-16),39.1500(2024-09-16),ciągłe
SANPL,Santander Bank Polska SA (SPL),512.6,2025-05-27,16:35:21,509.2,509.2,514.8,508.4,63143.0,32261092.0,2425.0,-0.7,621.0000(2025-04-25),437.2000(2024-11-29),ciągłe
ZABKA,Grupa Żabka SA (ZAB),23.65,2025-05-27,16:35:22,23.58,23.59,23.75,23.46,2128664.0,50178036.0,4679.0,-,24.7450(2025-01-17),17.9000(2024-11-25),ciągłe
ALIOR,Alior Bank SA (ALR),99.76,2025-06-11,09:01:27,97.72,98.4,101.8,97.74,374381.0,37465868.0,5753.0,8.62,123.1500(2025-04-01),85.8600(2024-11-19),ciągłe
ALLEGRO,Allegro.eu SA (ALE),34.02,2025-06-11,09:01:29,33.75,33.8,34.475,33.45,9599613.0,325694144.0,21057.0,-9.26,39.1450(2024-08-16),25.6700(2025-01-13),ciągłe
BUDIMEX,Budimex SA (BDX),580.6,2025-06-11,09:01:32,573.4,575.0,593.4,574.6,79343.0,46447844.0,4890.0,-15.49,709.0000(2024-06-24),440.4000(2024-12-17),ciągłe
CCC,CCC S.A. (CCC),198.55,2025-06-11,09:01:33,200.7,202.0,203.1,193.65,424575.0,84334496.0,6965.0,42.23,244.5000(2025-04-29),114.5000(2024-07-02),ciągłe
CDPROJEKT,CD Projekt SA (CDR),269.5,2025-06-11,09:01:35,268.0,267.2,270.4,264.6,313091.0,84052168.0,8587.0,101.12,269.5000(2025-06-10),132.9500(2024-06-13),ciągłe
DINOPL,Dino Polska SA (DNP),531.4,2025-06-11,09:01:38,520.8,523.4,535.0,521.8,240379.0,127181472.0,5371.0,34.19,556.2000(2025-05-08),303.3000(2024-09-16),ciągłe
KETY,Grupa Kęty SA (KTY),892.0,2025-06-11,09:01:39,861.5,861.5,896.5,857.0,23081.0,20291194.0,3013.0,3.36,906.5000(2024-06-24),664.0000(2024-10-30),ciągłe
KGHM,KGHM Polska Miedź SA (KGH),129.6,2025-06-11,09:01:41,129.35,128.3,130.9,128.3,702927.0,91257712.0,6664.0,-10.16,163.7000(2024-09-26),106.5000(2025-04-09),ciągłe
KRUK,Kruk SA (KRU),411.2,2025-06-11,09:01:43,403.8,405.0,412.6,403.0,44023.0,18023168.0,4546.0,-6.88,476.8000(2024-07-09),352.0000(2025-04-09),ciągłe
LPP,LPP SA (LPP),14575.0,2025-06-11,09:01:45,14415.0,14555.0,14730.0,14315.0,5505.0,80048152.0,3344.0,-16.24,18500.0000(2025-03-06),13670.0000(2024-09-11),ciągłe
MBANK,mBank S.A. (MBK),805.8,2025-06-11,09:01:47,790.0,796.8,819.6,791.8,29124.0,23522056.0,4537.0,33.81,868.6000(2025-04-24),530.0000(2024-11-28),ciągłe
ORANGEPL,Orange Polska S.A. (OPL),9.952,2025-06-11,09:01:49,9.556,9.556,9.98,9.522,1715181.0,16975616.0,5293.0,23.6,9.9520(2025-06-10),7.1500(2025-01-14),ciągłe
PEKAO,Bank Polska Kasa Opieki SA (PEO),179.7,2025-06-11,09:01:51,174.05,174.05,182.3,173.25,1155925.0,206217792.0,9606.0,15.6,192.6000(2025-04-29),135.6500(2024-11-29),ciągłe
PEPCO,Pepco Group NV (PCO),17.79,2025-06-11,09:01:52,17.345,17.35,18.2,17.35,2350130.0,41754564.0,7917.0,-25.31,24.1300(2024-06-12),14.0250(2025-04-04),ciągłe
PGE,Polska Grupa Energetyczna SA (PGE),10.61,2025-06-11,09:01:54,10.17,10.2,10.77,10.19,6155038.0,65270404.0,11247.0,55.71,10.6100(2025-06-10),5.8440(2024-12-19),ciągłe
PKNORLEN,ORLEN SA (PKN),77.8,2025-06-11,09:01:56,74.65,74.65,77.8,74.55,5869520.0,450106784.0,23101.0,22.91,77.8000(2025-06-10),46.3200(2024-12-17),ciągłe
PKOBP,Powszechna Kasa Oszczędności Bank Polski SA (PKO),72.88,2025-06-11,09:01:58,70.44,70.44,73.54,69.86,5696715.0,412931520.0,16246.0,28.9,80.0400(2025-03-18),49.8400(2024-08-07),ciągłe
PZU,Powszechny Zakład Ubezpieczeń SA (PZU),62.94,2025-06-11,09:01:59,61.4,61.68,63.54,61.36,1868643.0,117236744.0,7824.0,30.26,63.3200(2025-05-16),39.1500(2024-09-16),ciągłe
SANPL,Santander Bank Polska SA (SPL),479.8,2025-06-11,09:02:02,471.9,472.0,486.0,467.2,226649.0,108094168.0,7932.0,-2.66,621.0000(2025-04-25),437.2000(2024-11-29),ciągłe
ZABKA,Grupa Żabka SA (ZAB),21.69,2025-06-11,09:02:04,22.24,22.35,22.35,21.55,2861733.0,62290588.0,7534.0,-,24.7450(2025-01-17),17.9000(2024-11-25),ciągłe
ALIOR,Alior Bank SA (ALR),100.35,2025-06-11,09:32:14,99.76,100.0,100.35,99.36,7963.0,795309.0,128.0,10.99,123.1500(2025-04-01),85.8600(2024-11-19),ciągłe
ALLEGRO,Allegro.eu SA (ALE),34.02,2025-06-11,09:32:15,34.02,34.16,34.21,33.865,90475.0,3077736.0,397.0,-8.78,39.1450(2024-08-16),25.6700(2025-01-13),ciągłe
BUDIMEX,Budimex SA (BDX),581.8,2025-06-11,09:32:17,580.6,590.0,590.0,580.4,2142.0,1252733.0,151.0,-12.4,709.0000(2024-06-24),440.4000(2024-12-17),ciągłe
CCC,CCC S.A. (CCC),197.0,2025-06-11,09:32:18,198.55,198.55,199.0,196.5,11251.0,2221289.0,317.0,46.58,244.5000(2025-04-29),114.5000(2024-07-02),ciągłe
CDPROJEKT,CD Projekt SA (CDR),267.2,2025-06-11,09:32:20,269.5,266.0,268.1,265.1,6092.0,1624690.0,303.0,98.74,269.5000(2025-06-10),132.9500(2024-06-13),ciągłe
DINOPL,Dino Polska SA (DNP),519.4,2025-06-11,09:32:22,531.4,533.0,533.0,512.2,16511.0,8560829.0,808.0,33.25,556.2000(2025-05-08),303.3000(2024-09-16),ciągłe
KETY,Grupa Kęty SA (KTY),889.5,2025-06-11,09:32:23,892.0,894.0,894.0,885.0,149.0,132675.0,41.0,4.04,906.5000(2024-06-24),664.0000(2024-10-30),ciągłe
KGHM,KGHM Polska Miedź SA (KGH),129.55,2025-06-11,09:32:25,129.6,129.6,130.0,128.8,19810.0,2564649.0,285.0,-8.86,163.7000(2024-09-26),106.5000(2025-04-09),ciągłe
KRUK,Kruk SA (KRU),409.4,2025-06-11,09:32:28,411.2,412.9,413.0,406.9,1926.0,791215.0,271.0,-5.61,476.8000(2024-07-09),352.0000(2025-04-09),ciągłe
LPP,LPP SA (LPP),14600.0,2025-06-11,09:32:29,14575.0,14635.0,14740.0,14515.0,79.0,1151915.0,60.0,-15.95,18500.0000(2025-03-06),13670.0000(2024-09-11),ciągłe
MBANK,mBank S.A. (MBK),806.6,2025-06-11,09:32:32,805.8,805.8,810.0,799.2,297.0,239431.0,60.0,36.65,868.6000(2025-04-24),530.0000(2024-11-28),ciągłe
ORANGEPL,Orange Polska S.A. (OPL),9.836,2025-06-11,09:32:34,9.952,9.86,9.864,9.774,15953.0,156622.0,95.0,23.94,9.9520(2025-06-10),7.1500(2025-01-14),ciągłe
PEKAO,Bank Polska Kasa Opieki SA (PEO),179.55,2025-06-11,09:32:36,179.7,179.75,180.1,178.25,4933.0,885205.0,135.0,16.74,192.6000(2025-04-29),135.6500(2024-11-29),ciągłe
PEPCO,Pepco Group NV (PCO),17.66,2025-06-11,09:32:38,17.79,17.89,17.94,17.615,94611.0,1679913.0,364.0,-26.28,24.1300(2024-06-12),14.0250(2025-04-04),ciągłe
PGE,Polska Grupa Energetyczna SA (PGE),10.65,2025-06-11,09:32:40,10.61,10.65,10.715,10.525,100389.0,1066627.0,295.0,61.36,10.6100(2025-06-10),5.8440(2024-12-19),ciągłe
PKNORLEN,ORLEN SA (PKN),77.75,2025-06-11,09:32:41,77.8,77.5,77.87,77.12,171786.0,13321632.0,1023.0,24.84,77.8000(2025-06-10),46.3200(2024-12-17),ciągłe
PKOBP,Powszechna Kasa Oszczędności Bank Polski SA (PKO),72.32,2025-06-11,09:32:43,72.88,72.9,72.9,72.16,56858.0,4118215.0,350.0,28.73,80.0400(2025-03-18),49.8400(2024-08-07),ciągłe
PZU,Powszechny Zakład Ubezpieczeń SA (PZU),63.16,2025-06-11,09:32:45,62.94,62.9,63.36,62.52,43623.0,2746346.0,327.0,31.39,63.3200(2025-05-16),39.1500(2024-09-16),ciągłe
SANPL,Santander Bank Polska SA (SPL),478.5,2025-06-11,09:32:46,479.8,480.0,481.4,475.1,1659.0,795447.0,123.0,-2.23,621.0000(2025-04-25),437.2000(2024-11-29),ciągłe
ZABKA,Grupa Żabka SA (ZAB),21.54,2025-06-11,09:32:48,21.69,21.78,21.78,21.54,57794.0,1250807.0,329.0,-,24.7450(2025-01-17),17.9000(2024-11-25),ciągłe
ALIOR,Alior Bank SA (ALR),99.9,2025-06-11,10:02:57,99.76,100.0,100.35,99.36,9522.0,951269.0,142.0,10.61,123.1500(2025-04-01),85.8600(2024-11-19),ciągłe
ALLEGRO,Allegro.eu SA (ALE),34.095,2025-06-11,10:02:58,34.02,34.16,34.21,33.865,120056.0,4085187.0,500.0,-8.58,39.1450(2024-08-16),25.6700(2025-01-13),ciągłe
BUDIMEX,Budimex SA (BDX),578.6,2025-06-11,10:03:00,580.6,590.0,590.0,578.6,2920.0,1704340.0,196.0,-13.12,709.0000(2024-06-24),440.4000(2024-12-17),ciągłe
CCC,CCC S.A. (CCC),197.65,2025-06-11,10:03:02,198.55,198.55,199.0,196.5,12706.0,2508362.0,368.0,46.95,244.5000(2025-04-29),114.5000(2024-07-02),ciągłe
CDPROJEKT,CD Projekt SA (CDR),265.2,2025-06-11,10:03:04,269.5,266.0,268.1,263.7,12673.0,3367368.0,519.0,97.25,269.5000(2025-06-10),132.9500(2024-06-13),ciągłe
DINOPL,Dino Polska SA (DNP),522.0,2025-06-11,10:03:06,531.4,533.0,533.0,512.2,20039.0,10396964.0,932.0,34.02,556.2000(2025-05-08),303.3000(2024-09-16),ciągłe
KETY,Grupa Kęty SA (KTY),889.5,2025-06-11,10:03:08,892.0,894.0,894.0,885.0,149.0,132675.0,41.0,4.1,906.5000(2024-06-24),664.0000(2024-10-30),ciągłe
KGHM,KGHM Polska Miedź SA (KGH),129.65,2025-06-11,10:03:10,129.6,129.6,130.0,128.8,23111.0,2991884.0,322.0,-8.97,163.7000(2024-09-26),106.5000(2025-04-09),ciągłe
KRUK,Kruk SA (KRU),409.1,2025-06-11,10:03:12,411.2,412.9,413.0,406.9,2012.0,826410.0,284.0,-5.93,476.8000(2024-07-09),352.0000(2025-04-09),ciągłe
LPP,LPP SA (LPP),14535.0,2025-06-11,10:03:14,14575.0,14635.0,14740.0,14510.0,107.0,1558710.0,78.0,-16.18,18500.0000(2025-03-06),13670.0000(2024-09-11),ciągłe
MBANK,mBank S.A. (MBK),807.0,2025-06-11,10:03:16,805.8,805.8,810.0,799.2,298.0,240238.0,61.0,36.62,868.6000(2025-04-24),530.0000(2024-11-28),ciągłe
ORANGEPL,Orange Polska S.A. (OPL),9.836,2025-06-11,10:03:19,9.952,9.86,9.864,9.774,15953.0,156622.0,95.0,23.94,9.9520(2025-06-10),7.1500(2025-01-14),ciągłe
PEKAO,Bank Polska Kasa Opieki SA (PEO),179.0,2025-06-11,10:03:20,179.7,179.75,180.1,178.25,5439.0,975938.0,159.0,16.48,192.6000(2025-04-29),135.6500(2024-11-29),ciągłe
PEPCO,Pepco Group NV (PCO),17.7,2025-06-11,10:03:22,17.79,17.89,17.94,17.615,96553.0,1714275.0,377.0,-26.26,24.1300(2024-06-12),14.0250(2025-04-04),ciągłe
PGE,Polska Grupa Energetyczna SA (PGE),10.665,2025-06-11,10:03:24,10.61,10.65,10.715,10.525,109328.0,1161774.0,325.0,61.44,10.6100(2025-06-10),5.8440(2024-12-19),ciągłe
PKNORLEN,ORLEN SA (PKN),77.44,2025-06-11,10:03:25,77.8,77.5,77.87,77.12,195877.0,15188554.0,1172.0,24.33,77.8000(2025-06-10),46.3200(2024-12-17),ciągłe
PKOBP,Powszechna Kasa Oszczędności Bank Polski SA (PKO),72.38,2025-06-11,10:03:27,72.88,72.9,72.9,72.16,61796.0,4475567.0,393.0,28.84,80.0400(2025-03-18),49.8400(2024-08-07),ciągłe
PZU,Powszechny Zakład Ubezpieczeń SA (PZU),63.1,2025-06-11,10:03:29,62.94,62.9,63.36,62.52,44246.0,2785669.0,339.0,31.27,63.3200(2025-05-16),39.1500(2024-09-16),ciągłe
SANPL,Santander Bank Polska SA (SPL),479.1,2025-06-11,10:03:30,479.8,480.0,481.4,475.1,1712.0,820840.0,124.0,-2.29,621.0000(2025-04-25),437.2000(2024-11-29),ciągłe
ZABKA,Grupa Żabka SA (ZAB),21.52,2025-06-11,10:03:32,21.69,21.78,21.78,21.36,97725.0,2108363.0,505.0,-,24.7450(2025-01-17),17.9000(2024-11-25),ciągłe
ALIOR,Alior Bank SA (ALR),99.16,2025-06-11,10:33:41,99.76,100.0,100.35,99.14,37661.0,3755756.0,500.0,9.83,123.1500(2025-04-01),85.8600(2024-11-19),ciągłe
ALLEGRO,Allegro.eu SA (ALE),34.385,2025-06-11,10:33:42,34.02,34.16,34.6,33.865,786199.0,26933202.0,2986.0,-7.8,39.1450(2024-08-16),25.6700(2025-01-13),ciągłe
BUDIMEX,Budimex SA (BDX),578.8,2025-06-11,10:33:44,580.6,590.0,590.0,576.0,8643.0,5015565.0,647.0,-13.09,709.0000(2024-06-24),440.4000(2024-12-17),ciągłe
CCC,CCC S.A. (CCC),196.8,2025-06-11,10:33:47,198.55,198.55,199.0,195.6,89517.0,17649382.0,2098.0,46.32,244.5000(2025-04-29),114.5000(2024-07-02),ciągłe
CDPROJEKT,CD Projekt SA (CDR),264.7,2025-06-11,10:33:48,269.5,266.0,268.1,261.0,62853.0,16610552.0,2108.0,96.88,269.5000(2025-06-10),132.9500(2024-06-13),ciągłe
DINOPL,Dino Polska SA (DNP),522.2,2025-06-11,10:33:52,531.4,533.0,533.0,512.2,42162.0,21978716.0,1763.0,34.02,556.2000(2025-05-08),303.3000(2024-09-16),ciągłe
KETY,Grupa Kęty SA (KTY),883.0,2025-06-11,10:33:54,892.0,894.0,894.0,881.0,1809.0,1602357.0,364.0,4.1,906.5000(2024-06-24),664.0000(2024-10-30),ciągłe
KGHM,KGHM Polska Miedź SA (KGH),129.4,2025-06-11,10:33:58,129.6,129.6,130.0,128.65,110121.0,14255734.0,1184.0,-8.97,163.7000(2024-09-26),106.5000(2025-04-09),ciągłe
KRUK,Kruk SA (KRU),407.6,2025-06-11,10:34:00,411.2,412.9,413.0,406.8,4634.0,1895646.0,751.0,-5.93,476.8000(2024-07-09),352.0000(2025-04-09),ciągłe
LPP,LPP SA (LPP),14365.0,2025-06-11,10:34:02,14575.0,14635.0,14740.0,14360.0,317.0,4595365.0,255.0,-16.18,18500.0000(2025-03-06),13670.0000(2024-09-11),ciągłe
MBANK,mBank S.A. (MBK),797.8,2025-06-11,10:34:03,805.8,805.8,811.0,796.0,2638.0,2114917.0,508.0,36.62,868.6000(2025-04-24),530.0000(2024-11-28),ciągłe
ORANGEPL,Orange Polska S.A. (OPL),9.768,2025-06-11,10:34:05,9.952,9.86,9.876,9.754,96447.0,944077.0,401.0,23.94,9.9520(2025-06-10),7.1500(2025-01-14),ciągłe
PEKAO,Bank Polska Kasa Opieki SA (PEO),178.45,2025-06-11,10:34:07,179.7,179.75,180.15,178.25,53400.0,9571320.0,818.0,16.48,192.6000(2025-04-29),135.6500(2024-11-29),ciągłe
PEPCO,Pepco Group NV (PCO),18.125,2025-06-11,10:34:09,17.79,17.89,18.17,17.615,518307.0,9288564.0,1609.0,-26.26,24.1300(2024-06-12),14.0250(2025-04-04),ciągłe
PGE,Polska Grupa Energetyczna SA (PGE),10.65,2025-06-11,10:34:11,10.61,10.65,10.715,10.515,601109.0,6389820.0,1388.0,61.44,10.6100(2025-06-10),5.8440(2024-12-19),ciągłe
PKNORLEN,ORLEN SA (PKN),76.51,2025-06-11,10:34:12,77.8,77.5,77.87,76.21,591905.0,45563296.0,3954.0,24.33,77.8000(2025-06-10),46.3200(2024-12-17),ciągłe
PKOBP,Powszechna Kasa Oszczędności Bank Polski SA (PKO),72.52,2025-06-11,10:34:14,72.88,72.9,72.9,72.16,315332.0,22832878.0,1172.0,28.84,80.0400(2025-03-18),49.8400(2024-08-07),ciągłe
PZU,Powszechny Zakład Ubezpieczeń SA (PZU),62.0,2025-06-11,10:34:17,62.94,62.9,63.36,62.0,213308.0,13363807.0,1473.0,31.27,63.3200(2025-05-16),39.1500(2024-09-16),ciągłe
SANPL,Santander Bank Polska SA (SPL),474.6,2025-06-11,10:34:20,479.8,480.0,481.4,474.5,7264.0,3466291.0,668.0,-2.29,621.0000(2025-04-25),437.2000(2024-11-29),ciągłe
ZABKA,Grupa Żabka SA (ZAB),21.64,2025-06-11,10:34:22,21.69,21.78,21.78,21.36,320862.0,6896086.0,1324.0,-,24.7450(2025-01-17),17.9000(2024-11-25),ciągłe
ALIOR,Alior Bank SA (ALR),98.78,2025-06-11,11:04:30,99.76,100.0,100.35,98.58,50756.0,5050429.0,765.0,9.32,123.1500(2025-04-01),85.8600(2024-11-19),ciągłe
ALLEGRO,Allegro.eu SA (ALE),34.23,2025-06-11,11:04:32,34.02,34.16,34.6,33.865,1011883.0,34697108.0,3818.0,-8.22,39.1450(2024-08-16),25.6700(2025-01-13),ciągłe
BUDIMEX,Budimex SA (BDX),576.6,2025-06-11,11:04:34,580.6,590.0,590.0,576.0,10546.0,6115280.0,817.0,-13.21,709.0000(2024-06-24),440.4000(2024-12-17),ciągłe
CCC,CCC S.A. (CCC),195.3,2025-06-11,11:04:35,198.55,198.55,199.0,194.45,199933.0,39385060.0,2591.0,45.28,244.5000(2025-04-29),114.5000(2024-07-02),ciągłe
CDPROJEKT,CD Projekt SA (CDR),264.7,2025-06-11,11:04:37,269.5,266.0,268.1,261.0,72882.0,19262652.0,2492.0,96.88,269.5000(2025-06-10),132.9500(2024-06-13),ciągłe
DINOPL,Dino Polska SA (DNP),523.0,2025-06-11,11:04:39,531.4,533.0,533.0,512.2,46980.0,24500224.0,1936.0,34.27,556.2000(2025-05-08),303.3000(2024-09-16),ciągłe
KETY,Grupa Kęty SA (KTY),882.5,2025-06-11,11:04:40,892.0,894.0,894.0,878.0,2437.0,2155334.0,503.0,4.1,906.5000(2024-06-24),664.0000(2024-10-30),ciągłe
KGHM,KGHM Polska Miedź SA (KGH),129.2,2025-06-11,11:04:42,129.6,129.6,130.0,128.65,136805.0,17710406.0,1463.0,-8.97,163.7000(2024-09-26),106.5000(2025-04-09),ciągłe
KRUK,Kruk SA (KRU),407.5,2025-06-11,11:04:45,411.2,412.9,413.0,405.6,6617.0,2702439.0,952.0,-5.93,476.8000(2024-07-09),352.0000(2025-04-09),ciągłe
LPP,LPP SA (LPP),14335.0,2025-06-11,11:04:46,14575.0,14635.0,14740.0,14335.0,455.0,6577395.0,357.0,-16.18,18500.0000(2025-03-06),13670.0000(2024-09-11),ciągłe
MBANK,mBank S.A. (MBK),794.4,2025-06-11,11:04:48,805.8,805.8,811.0,794.4,3191.0,2555859.0,656.0,36.62,868.6000(2025-04-24),530.0000(2024-11-28),ciągłe
ORANGEPL,Orange Polska S.A. (OPL),9.774,2025-06-11,11:04:49,9.952,9.86,9.876,9.74,116529.0,1140060.0,487.0,23.94,9.9520(2025-06-10),7.1500(2025-01-14),ciągłe
PEKAO,Bank Polska Kasa Opieki SA (PEO),177.2,2025-06-11,11:04:51,179.7,179.75,180.15,176.9,77966.0,13936717.0,1115.0,16.48,192.6000(2025-04-29),135.6500(2024-11-29),ciągłe
PEPCO,Pepco Group NV (PCO),18.2,2025-06-11,11:04:53,17.79,17.89,18.38,17.615,834574.0,15059645.0,2524.0,-26.26,24.1300(2024-06-12),14.0250(2025-04-04),ciągłe
PGE,Polska Grupa Energetyczna SA (PGE),10.635,2025-06-11,11:04:54,10.61,10.65,10.715,10.515,773658.0,8226699.0,1688.0,61.44,10.6100(2025-06-10),5.8440(2024-12-19),ciągłe
PKNORLEN,ORLEN SA (PKN),76.29,2025-06-11,11:04:56,77.8,77.5,77.87,76.21,708009.0,54436484.0,4651.0,24.33,77.8000(2025-06-10),46.3200(2024-12-17),ciągłe
PKOBP,Powszechna Kasa Oszczędności Bank Polski SA (PKO),71.74,2025-06-11,11:04:58,72.88,72.9,72.9,71.74,474722.0,34352560.0,1761.0,28.84,80.0400(2025-03-18),49.8400(2024-08-07),ciągłe
PZU,Powszechny Zakład Ubezpieczeń SA (PZU),61.98,2025-06-11,11:05:00,62.94,62.9,63.36,61.88,331085.0,20668130.0,1958.0,31.27,63.3200(2025-05-16),39.1500(2024-09-16),ciągłe
SANPL,Santander Bank Polska SA (SPL),474.3,2025-06-11,11:05:02,479.8,480.0,481.4,474.0,10110.0,4817319.0,833.0,-2.29,621.0000(2025-04-25),437.2000(2024-11-29),ciągłe
ZABKA,Grupa Żabka SA (ZAB),21.72,2025-06-11,11:05:04,21.69,21.78,21.78,21.36,378201.0,8140765.0,1513.0,-,24.7450(2025-01-17),17.9000(2024-11-25),ciągłe
ALIOR,Alior Bank SA (ALR),98.68,2025-06-11,11:35:12,99.76,100.0,100.35,98.5,56375.0,5604909.0,912.0,9.26,123.1500(2025-04-01),85.8600(2024-11-19),ciągłe
ALLEGRO,Allegro.eu SA (ALE),34.265,2025-06-11,11:35:15,34.02,34.16,34.6,33.865,1166724.0,40003820.0,4429.0,-8.12,39.1450(2024-08-16),25.6700(2025-01-13),ciągłe
BUDIMEX,Budimex SA (BDX),577.0,2025-06-11,11:35:16,580.6,590.0,590.0,576.0,12723.0,7371756.0,967.0,-13.36,709.0000(2024-06-24),440.4000(2024-12-17),ciągłe
CCC,CCC S.A. (CCC),194.15,2025-06-11,11:35:19,198.55,198.55,199.0,194.05,222480.0,43776144.0,2972.0,44.35,244.5000(2025-04-29),114.5000(2024-07-02),ciągłe
CDPROJEKT,CD Projekt SA (CDR),264.8,2025-06-11,11:35:20,269.5,266.0,268.1,261.0,83114.0,21970484.0,2844.0,96.95,269.5000(2025-06-10),132.9500(2024-06-13),ciągłe
DINOPL,Dino Polska SA (DNP),523.8,2025-06-11,11:35:22,531.4,533.0,533.0,512.2,52693.0,27493978.0,2125.0,34.48,556.2000(2025-05-08),303.3000(2024-09-16),ciągłe
KETY,Grupa Kęty SA (KTY),876.0,2025-06-11,11:35:24,892.0,894.0,894.0,876.0,2912.0,2573034.0,620.0,3.22,906.5000(2024-06-24),664.0000(2024-10-30),ciągłe
KGHM,KGHM Polska Miedź SA (KGH),128.95,2025-06-11,11:35:25,129.6,129.6,130.0,128.6,170364.0,22034604.0,1802.0,-9.29,163.7000(2024-09-26),106.5000(2025-04-09),ciągłe
KRUK,Kruk SA (KRU),403.7,2025-06-11,11:35:27,411.2,412.9,413.0,403.1,8604.0,3508625.0,1172.0,-6.34,476.8000(2024-07-09),352.0000(2025-04-09),ciągłe
LPP,LPP SA (LPP),14385.0,2025-06-11,11:35:28,14575.0,14635.0,14740.0,14335.0,578.0,8346350.0,457.0,-17.13,18500.0000(2025-03-06),13670.0000(2024-09-11),ciągłe
MBANK,mBank S.A. (MBK),789.6,2025-06-11,11:35:31,805.8,805.8,811.0,789.0,5014.0,3997198.0,904.0,34.01,868.6000(2025-04-24),530.0000(2024-11-28),ciągłe
ORANGEPL,Orange Polska S.A. (OPL),9.8,2025-06-11,11:35:34,9.952,9.86,9.876,9.74,142066.0,1390188.0,572.0,23.26,9.9520(2025-06-10),7.1500(2025-01-14),ciągłe
PEKAO,Bank Polska Kasa Opieki SA (PEO),177.3,2025-06-11,11:35:36,179.7,179.75,180.15,176.9,104550.0,18652960.0,1392.0,15.24,192.6000(2025-04-29),135.6500(2024-11-29),ciągłe
PEPCO,Pepco Group NV (PCO),18.5,2025-06-11,11:35:37,17.79,17.89,18.59,17.615,1360199.0,24721070.0,3457.0,-23.55,24.1300(2024-06-12),14.0250(2025-04-04),ciągłe
PGE,Polska Grupa Energetyczna SA (PGE),10.635,2025-06-11,11:35:39,10.61,10.65,10.715,10.515,870769.0,9260227.0,1875.0,61.21,10.6100(2025-06-10),5.8440(2024-12-19),ciągłe
PKNORLEN,ORLEN SA (PKN),76.11,2025-06-11,11:35:40,77.8,77.5,77.87,75.95,884266.0,67850328.0,5600.0,22.51,77.8000(2025-06-10),46.3200(2024-12-17),ciągłe
PKOBP,Powszechna Kasa Oszczędności Bank Polski SA (PKO),72.1,2025-06-11,11:35:42,72.88,72.9,72.9,71.74,547852.0,39619920.0,2080.0,27.95,80.0400(2025-03-18),49.8400(2024-08-07),ciągłe
PZU,Powszechny Zakład Ubezpieczeń SA (PZU),61.94,2025-06-11,11:35:44,62.94,62.9,63.36,61.86,393215.0,24516570.0,2227.0,28.85,63.3200(2025-05-16),39.1500(2024-09-16),ciągłe
SANPL,Santander Bank Polska SA (SPL),474.3,2025-06-11,11:35:47,479.8,480.0,481.4,473.3,11822.0,5629088.0,980.0,-3.21,621.0000(2025-04-25),437.2000(2024-11-29),ciągłe
ZABKA,Grupa Żabka SA (ZAB),21.69,2025-06-11,11:35:49,21.69,21.78,21.78,21.36,406705.0,8759484.0,1639.0,-,24.7450(2025-01-17),17.9000(2024-11-25),ciągłe
ALIOR,Alior Bank SA (ALR),98.52,2025-06-11,12:06:07,99.76,100.0,100.35,98.2,82730.0,8196933.0,1220.0,9.08,123.1500(2025-04-01),85.8600(2024-11-19),ciągłe
ALLEGRO,Allegro.eu SA (ALE),34.215,2025-06-11,12:06:09,34.02,34.16,34.6,33.865,1324482.0,45405076.0,5198.0,-8.15,39.1450(2024-08-16),25.6700(2025-01-13),ciągłe
BUDIMEX,Budimex SA (BDX),577.2,2025-06-11,12:06:12,580.6,590.0,590.0,576.0,16356.0,9468934.0,1241.0,-13.21,709.0000(2024-06-24),440.4000(2024-12-17),ciągłe
CCC,CCC S.A. (CCC),194.65,2025-06-11,12:06:18,198.55,198.55,199.0,194.05,243555.0,47881488.0,3310.0,44.8,244.5000(2025-04-29),114.5000(2024-07-02),ciągłe
CDPROJEKT,CD Projekt SA (CDR),264.8,2025-06-11,12:06:33,269.5,266.0,268.1,261.0,103367.0,27323298.0,3489.0,96.95,269.5000(2025-06-10),132.9500(2024-06-13),ciągłe
DINOPL,Dino Polska SA (DNP),522.8,2025-06-11,12:06:41,531.4,533.0,533.0,512.2,58352.0,30457284.0,2339.0,34.22,556.2000(2025-05-08),303.3000(2024-09-16),ciągłe
KETY,Grupa Kęty SA (KTY),832.0,2025-06-11,12:06:43,892.0,894.0,894.0,830.5,10274.0,8827952.0,1622.0,3.22,906.5000(2024-06-24),664.0000(2024-10-30),ciągłe
KGHM,KGHM Polska Miedź SA (KGH),128.55,2025-06-11,12:06:46,129.6,129.6,130.0,128.5,202342.0,26150720.0,2120.0,-9.29,163.7000(2024-09-26),106.5000(2025-04-09),ciągłe
KRUK,Kruk SA (KRU),403.1,2025-06-11,12:06:48,411.2,412.9,413.0,402.3,13843.0,5619865.0,1533.0,-6.34,476.8000(2024-07-09),352.0000(2025-04-09),ciągłe
LPP,LPP SA (LPP),14355.0,2025-06-11,12:06:50,14575.0,14635.0,14740.0,14335.0,878.0,12662970.0,673.0,-17.13,18500.0000(2025-03-06),13670.0000(2024-09-11),ciągłe
MBANK,mBank S.A. (MBK),789.8,2025-06-11,12:06:52,805.8,805.8,811.0,786.8,5978.0,4758397.0,1083.0,34.01,868.6000(2025-04-24),530.0000(2024-11-28),ciągłe
ORANGEPL,Orange Polska S.A. (OPL),9.792,2025-06-11,12:06:54,9.952,9.86,9.876,9.74,195678.0,1914777.0,826.0,23.26,9.9520(2025-06-10),7.1500(2025-01-14),ciągłe
PEKAO,Bank Polska Kasa Opieki SA (PEO),177.25,2025-06-11,12:06:55,179.7,179.75,180.15,176.7,141852.0,25256358.0,1791.0,15.24,192.6000(2025-04-29),135.6500(2024-11-29),ciągłe
PEPCO,Pepco Group NV (PCO),18.54,2025-06-11,12:06:57,17.79,17.89,18.59,17.615,2290469.0,41843168.0,4492.0,-23.55,24.1300(2024-06-12),14.0250(2025-04-04),ciągłe
PGE,Polska Grupa Energetyczna SA (PGE),10.625,2025-06-11,12:06:58,10.61,10.65,10.715,10.515,1070144.0,11381323.0,2206.0,61.21,10.6100(2025-06-10),5.8440(2024-12-19),ciągłe
PKNORLEN,ORLEN SA (PKN),76.02,2025-06-11,12:07:00,77.8,77.5,77.87,75.95,1104915.0,84628152.0,6708.0,22.51,77.8000(2025-06-10),46.3200(2024-12-17),ciągłe
PKOBP,Powszechna Kasa Oszczędności Bank Polski SA (PKO),72.02,2025-06-11,12:07:02,72.88,72.9,72.9,71.74,646556.0,46728020.0,2571.0,27.95,80.0400(2025-03-18),49.8400(2024-08-07),ciągłe
PZU,Powszechny Zakład Ubezpieczeń SA (PZU),61.98,2025-06-11,12:07:06,62.94,62.9,63.36,61.78,471174.0,29344572.0,2626.0,28.85,63.3200(2025-05-16),39.1500(2024-09-16),ciągłe
SANPL,Santander Bank Polska SA (SPL),474.0,2025-06-11,12:07:08,479.8,480.0,481.4,472.9,13666.0,6502464.0,1153.0,-3.21,621.0000(2025-04-25),437.2000(2024-11-29),ciągłe
ZABKA,Grupa Żabka SA (ZAB),21.72,2025-06-11,12:07:10,21.69,21.78,21.78,21.36,505939.0,10913524.0,1879.0,-,24.7450(2025-01-17),17.9000(2024-11-25),ciągłe
ALIOR,Alior Bank SA (ALR),98.34,2025-06-11,12:37:18,99.76,100.0,100.35,98.18,89401.0,8853096.0,1388.0,8.9,123.1500(2025-04-01),85.8600(2024-11-19),ciągłe
ALLEGRO,Allegro.eu SA (ALE),34.175,2025-06-11,12:37:20,34.02,34.16,34.6,33.865,1423356.0,48783932.0,5711.0,-8.39,39.1450(2024-08-16),25.6700(2025-01-13),ciągłe
BUDIMEX,Budimex SA (BDX),577.2,2025-06-11,12:37:21,580.6,590.0,590.0,576.0,19518.0,11294702.0,1516.0,-13.33,709.0000(2024-06-24),440.4000(2024-12-17),ciągłe
CCC,CCC S.A. (CCC),194.0,2025-06-11,12:37:23,198.55,198.55,199.0,194.0,255482.0,50198448.0,3600.0,44.24,244.5000(2025-04-29),114.5000(2024-07-02),ciągłe
CDPROJEKT,CD Projekt SA (CDR),264.9,2025-06-11,12:37:25,269.5,266.0,268.1,261.0,120938.0,31970792.0,4036.0,97.02,269.5000(2025-06-10),132.9500(2024-06-13),ciągłe
DINOPL,Dino Polska SA (DNP),523.4,2025-06-11,12:37:27,531.4,533.0,533.0,512.2,67152.0,35046064.0,2696.0,34.17,556.2000(2025-05-08),303.3000(2024-09-16),ciągłe
KETY,Grupa Kęty SA (KTY),846.5,2025-06-11,12:37:29,892.0,894.0,894.0,823.0,14498.0,12345256.0,2177.0,-0.94,906.5000(2024-06-24),664.0000(2024-10-30),ciągłe
KGHM,KGHM Polska Miedź SA (KGH),128.3,2025-06-11,12:37:30,129.6,129.6,130.0,127.85,239807.0,30955560.0,2488.0,-9.71,163.7000(2024-09-26),106.5000(2025-04-09),ciągłe
KRUK,Kruk SA (KRU),403.0,2025-06-11,12:37:32,411.2,412.9,413.0,401.2,15475.0,6276373.0,1743.0,-7.33,476.8000(2024-07-09),352.0000(2025-04-09),ciągłe
LPP,LPP SA (LPP),14375.0,2025-06-11,12:37:34,14575.0,14635.0,14740.0,14325.0,1144.0,16482500.0,867.0,-17.07,18500.0000(2025-03-06),13670.0000(2024-09-11),ciągłe
MBANK,mBank S.A. (MBK),787.8,2025-06-11,12:37:36,805.8,805.8,811.0,785.4,6963.0,5533832.0,1280.0,33.4,868.6000(2025-04-24),530.0000(2024-11-28),ciągłe
ORANGEPL,Orange Polska S.A. (OPL),9.7,2025-06-11,12:37:38,9.952,9.86,9.876,9.684,239913.0,2344538.0,1098.0,22.2,9.9520(2025-06-10),7.1500(2025-01-14),ciągłe
PEKAO,Bank Polska Kasa Opieki SA (PEO),177.3,2025-06-11,12:37:40,179.7,179.75,180.15,176.2,180268.0,32053636.0,2280.0,15.24,192.6000(2025-04-29),135.6500(2024-11-29),ciągłe
PEPCO,Pepco Group NV (PCO),18.505,2025-06-11,12:37:42,17.79,17.89,18.59,17.615,2541546.0,46487164.0,5001.0,-22.88,24.1300(2024-06-12),14.0250(2025-04-04),ciągłe
PGE,Polska Grupa Energetyczna SA (PGE),10.57,2025-06-11,12:37:44,10.61,10.65,10.715,10.515,1208078.0,12843124.0,2479.0,60.15,10.6100(2025-06-10),5.8440(2024-12-19),ciągłe
PKNORLEN,ORLEN SA (PKN),76.13,2025-06-11,12:37:45,77.8,77.5,77.87,75.95,1192395.0,91289144.0,7553.0,22.29,77.8000(2025-06-10),46.3200(2024-12-17),ciągłe
PKOBP,Powszechna Kasa Oszczędności Bank Polski SA (PKO),71.96,2025-06-11,12:37:47,72.88,72.9,72.9,71.74,712694.0,51482144.0,2961.0,28.09,80.0400(2025-03-18),49.8400(2024-08-07),ciągłe
PZU,Powszechny Zakład Ubezpieczeń SA (PZU),61.76,2025-06-11,12:37:49,62.94,62.9,63.36,61.72,534030.0,33231612.0,2991.0,28.48,63.3200(2025-05-16),39.1500(2024-09-16),ciągłe
SANPL,Santander Bank Polska SA (SPL),472.3,2025-06-11,12:37:51,479.8,480.0,481.4,471.7,16125.0,7664495.0,1351.0,-3.55,621.0000(2025-04-25),437.2000(2024-11-29),ciągłe
ZABKA,Grupa Żabka SA (ZAB),21.56,2025-06-11,12:37:53,21.69,21.78,21.78,21.36,575411.0,12418353.0,2035.0,-,24.7450(2025-01-17),17.9000(2024-11-25),ciągłe
ALIOR,Alior Bank SA (ALR),98.86,2025-06-11,13:08:02,99.76,100.0,100.35,98.18,92209.0,9130457.0,1489.0,9.46,123.1500(2025-04-01),85.8600(2024-11-19),ciągłe
ALLEGRO,Allegro.eu SA (ALE),34.185,2025-06-11,13:08:04,34.02,34.16,34.6,33.865,1545619.0,52963620.0,6339.0,-8.35,39.1450(2024-08-16),25.6700(2025-01-13),ciągłe
BUDIMEX,Budimex SA (BDX),577.6,2025-06-11,13:08:06,580.6,590.0,590.0,576.0,22824.0,13207097.0,1764.0,-13.36,709.0000(2024-06-24),440.4000(2024-12-17),ciągłe
CCC,CCC S.A. (CCC),194.2,2025-06-11,13:08:08,198.55,198.55,199.0,193.95,266078.0,52255788.0,3882.0,44.39,244.5000(2025-04-29),114.5000(2024-07-02),ciągłe
CDPROJEKT,CD Projekt SA (CDR),265.2,2025-06-11,13:08:10,269.5,266.0,268.1,261.0,129442.0,34224136.0,4364.0,97.17,269.5000(2025-06-10),132.9500(2024-06-13),ciągłe
DINOPL,Dino Polska SA (DNP),524.0,2025-06-11,13:08:11,531.4,533.0,533.0,512.2,73092.0,38157204.0,2892.0,34.53,556.2000(2025-05-08),303.3000(2024-09-16),ciągłe
KETY,Grupa Kęty SA (KTY),849.0,2025-06-11,13:08:13,892.0,894.0,894.0,823.0,16522.0,14059910.0,2431.0,-0.94,906.5000(2024-06-24),664.0000(2024-10-30),ciągłe
KGHM,KGHM Polska Miedź SA (KGH),128.55,2025-06-11,13:08:15,129.6,129.6,130.0,127.85,259843.0,33529142.0,2728.0,-9.71,163.7000(2024-09-26),106.5000(2025-04-09),ciągłe
KRUK,Kruk SA (KRU),403.6,2025-06-11,13:08:16,411.2,412.9,413.0,401.2,16350.0,6629384.0,1919.0,-7.4,476.8000(2024-07-09),352.0000(2025-04-09),ciągłe
LPP,LPP SA (LPP),14445.0,2025-06-11,13:08:18,14575.0,14635.0,14740.0,14325.0,1325.0,19093100.0,1012.0,-17.07,18500.0000(2025-03-06),13670.0000(2024-09-11),ciągłe
MBANK,mBank S.A. (MBK),793.6,2025-06-11,13:08:19,805.8,805.8,811.0,785.4,8259.0,6557720.0,1449.0,33.4,868.6000(2025-04-24),530.0000(2024-11-28),ciągłe
ORANGEPL,Orange Polska S.A. (OPL),9.714,2025-06-11,13:08:22,9.952,9.86,9.876,9.684,263548.0,2573986.0,1242.0,22.23,9.9520(2025-06-10),7.1500(2025-01-14),ciągłe
PEKAO,Bank Polska Kasa Opieki SA (PEO),178.75,2025-06-11,13:08:23,179.7,179.75,180.15,176.2,201277.0,35795108.0,2611.0,15.24,192.6000(2025-04-29),135.6500(2024-11-29),ciągłe
PEPCO,Pepco Group NV (PCO),18.855,2025-06-11,13:08:26,17.79,17.89,18.91,17.615,3178516.0,58425688.0,6486.0,-22.65,24.1300(2024-06-12),14.0250(2025-04-04),ciągłe
PGE,Polska Grupa Energetyczna SA (PGE),10.675,2025-06-11,13:08:27,10.61,10.65,10.715,10.515,1339820.0,14244338.0,2761.0,60.15,10.6100(2025-06-10),5.8440(2024-12-19),ciągłe
PKNORLEN,ORLEN SA (PKN),76.42,2025-06-11,13:08:30,77.8,77.5,77.87,75.95,1280627.0,98021376.0,8251.0,22.29,77.8000(2025-06-10),46.3200(2024-12-17),ciągłe
PKOBP,Powszechna Kasa Oszczędności Bank Polski SA (PKO),72.3,2025-06-11,13:08:31,72.88,72.9,72.9,71.74,793786.0,57335828.0,3345.0,28.09,80.0400(2025-03-18),49.8400(2024-08-07),ciągłe
PZU,Powszechny Zakład Ubezpieczeń SA (PZU),62.5,2025-06-11,13:08:34,62.94,62.9,63.36,61.7,599038.0,37265836.0,3386.0,28.48,63.3200(2025-05-16),39.1500(2024-09-16),ciągłe
SANPL,Santander Bank Polska SA (SPL),474.4,2025-06-11,13:08:36,479.8,480.0,481.4,471.7,17666.0,8394083.0,1516.0,-3.55,621.0000(2025-04-25),437.2000(2024-11-29),ciągłe
ZABKA,Grupa Żabka SA (ZAB),21.65,2025-06-11,13:08:37,21.69,21.78,21.78,21.36,625311.0,13497134.0,2193.0,-,24.7450(2025-01-17),17.9000(2024-11-25),ciągłe
ALIOR,Alior Bank SA (ALR),98.32,2025-06-11,13:38:46,99.76,100.0,100.35,98.18,95950.0,9499211.0,1617.0,8.86,123.1500(2025-04-01),85.8600(2024-11-19),ciągłe
ALLEGRO,Allegro.eu SA (ALE),34.17,2025-06-11,13:38:47,34.02,34.16,34.6,33.865,1662159.0,56940028.0,6844.0,-8.46,39.1450(2024-08-16),25.6700(2025-01-13),ciągłe
BUDIMEX,Budimex SA (BDX),575.8,2025-06-11,13:38:49,580.6,590.0,590.0,574.6,25713.0,14871888.0,1971.0,-13.54,709.0000(2024-06-24),440.4000(2024-12-17),ciągłe
CCC,CCC S.A. (CCC),193.7,2025-06-11,13:38:51,198.55,198.55,199.0,193.0,281390.0,55220628.0,4219.0,44.01,244.5000(2025-04-29),114.5000(2024-07-02),ciągłe
CDPROJEKT,CD Projekt SA (CDR),265.7,2025-06-11,13:38:52,269.5,266.0,268.1,261.0,138101.0,36522408.0,4690.0,97.62,269.5000(2025-06-10),132.9500(2024-06-13),ciągłe
DINOPL,Dino Polska SA (DNP),523.8,2025-06-11,13:38:54,531.4,533.0,533.0,512.2,78857.0,41174596.0,3096.0,34.48,556.2000(2025-05-08),303.3000(2024-09-16),ciągłe
KETY,Grupa Kęty SA (KTY),847.0,2025-06-11,13:38:55,892.0,894.0,894.0,823.0,17524.0,14908596.0,2619.0,-0.94,906.5000(2024-06-24),664.0000(2024-10-30),ciągłe
KGHM,KGHM Polska Miedź SA (KGH),128.55,2025-06-11,13:38:57,129.6,129.6,130.0,127.85,283629.0,36581860.0,2982.0,-9.57,163.7000(2024-09-26),106.5000(2025-04-09),ciągłe
KRUK,Kruk SA (KRU),402.9,2025-06-11,13:39:00,411.2,412.9,413.0,401.2,21204.0,8584086.0,2059.0,-7.4,476.8000(2024-07-09),352.0000(2025-04-09),ciągłe
LPP,LPP SA (LPP),14380.0,2025-06-11,13:39:02,14575.0,14635.0,14740.0,14325.0,1464.0,21095604.0,1123.0,-17.04,18500.0000(2025-03-06),13670.0000(2024-09-11),ciągłe
MBANK,mBank S.A. (MBK),785.4,2025-06-11,13:39:03,805.8,805.8,811.0,784.2,10429.0,8266776.0,1679.0,33.03,868.6000(2025-04-24),530.0000(2024-11-28),ciągłe
ORANGEPL,Orange Polska S.A. (OPL),9.712,2025-06-11,13:39:06,9.952,9.86,9.876,9.684,289507.0,2826138.0,1382.0,22.28,9.9520(2025-06-10),7.1500(2025-01-14),ciągłe
PEKAO,Bank Polska Kasa Opieki SA (PEO),177.75,2025-06-11,13:39:08,179.7,179.75,180.15,176.2,215715.0,38366012.0,2812.0,15.53,192.6000(2025-04-29),135.6500(2024-11-29),ciągłe
PEPCO,Pepco Group NV (PCO),18.765,2025-06-11,13:39:10,17.79,17.89,18.91,17.615,3402882.0,62645424.0,7334.0,-21.67,24.1300(2024-06-12),14.0250(2025-04-04),ciągłe
PGE,Polska Grupa Energetyczna SA (PGE),10.645,2025-06-11,13:39:11,10.61,10.65,10.715,10.515,1415349.0,15048568.0,2943.0,61.29,10.6100(2025-06-10),5.8440(2024-12-19),ciągłe
PKNORLEN,ORLEN SA (PKN),76.36,2025-06-11,13:39:13,77.8,77.5,77.87,75.95,1362165.0,104241152.0,8791.0,22.61,77.8000(2025-06-10),46.3200(2024-12-17),ciągłe
PKOBP,Powszechna Kasa Oszczędności Bank Polski SA (PKO),72.0,2025-06-11,13:39:15,72.88,72.9,72.9,71.74,904437.0,65309692.0,3800.0,28.16,80.0400(2025-03-18),49.8400(2024-08-07),ciągłe
PZU,Powszechny Zakład Ubezpieczeń SA (PZU),62.36,2025-06-11,13:39:16,62.94,62.9,63.36,61.7,639960.0,39818528.0,3642.0,29.73,63.3200(2025-05-16),39.1500(2024-09-16),ciągłe
SANPL,Santander Bank Polska SA (SPL),472.7,2025-06-11,13:39:18,479.8,480.0,481.4,471.7,19791.0,9399584.0,1723.0,-3.39,621.0000(2025-04-25),437.2000(2024-11-29),ciągłe
ZABKA,Grupa Żabka SA (ZAB),21.58,2025-06-11,13:39:20,21.69,21.78,21.78,21.36,668028.0,14420083.0,2341.0,-,24.7450(2025-01-17),17.9000(2024-11-25),ciągłe
ALIOR,Alior Bank SA (ALR),98.62,2025-06-11,14:09:29,99.76,100.0,100.35,98.18,102343.0,10128149.0,1773.0,9.19,123.1500(2025-04-01),85.8600(2024-11-19),ciągłe
ALLEGRO,Allegro.eu SA (ALE),34.16,2025-06-11,14:09:32,34.02,34.16,34.6,33.865,1851567.0,63410640.0,7774.0,-8.37,39.1450(2024-08-16),25.6700(2025-01-13),ciągłe
BUDIMEX,Budimex SA (BDX),576.0,2025-06-11,14:09:34,580.6,590.0,590.0,573.6,28234.0,16321345.0,2164.0,-13.51,709.0000(2024-06-24),440.4000(2024-12-17),ciągłe
CCC,CCC S.A. (CCC),194.35,2025-06-11,14:09:36,198.55,198.55,199.0,193.0,289640.0,56819872.0,4431.0,44.5,244.5000(2025-04-29),114.5000(2024-07-02),ciągłe
CDPROJEKT,CD Projekt SA (CDR),265.5,2025-06-11,14:09:37,269.5,266.0,268.1,261.0,156529.0,41415172.0,5062.0,97.47,269.5000(2025-06-10),132.9500(2024-06-13),ciągłe
DINOPL,Dino Polska SA (DNP),523.8,2025-06-11,14:09:39,531.4,533.0,533.0,512.2,83507.0,43610876.0,3296.0,34.48,556.2000(2025-05-08),303.3000(2024-09-16),ciągłe
KETY,Grupa Kęty SA (KTY),852.0,2025-06-11,14:09:41,892.0,894.0,894.0,823.0,18621.0,15841258.0,2758.0,-0.94,906.5000(2024-06-24),664.0000(2024-10-30),ciągłe
KGHM,KGHM Polska Miedź SA (KGH),128.7,2025-06-11,14:09:42,129.6,129.6,130.0,127.85,316446.0,40801316.0,3330.0,-9.57,163.7000(2024-09-26),106.5000(2025-04-09),ciągłe
KRUK,Kruk SA (KRU),403.6,2025-06-11,14:09:44,411.2,412.9,413.0,401.2,21634.0,8757372.0,2174.0,-7.4,476.8000(2024-07-09),352.0000(2025-04-09),ciągłe
LPP,LPP SA (LPP),14415.0,2025-06-11,14:09:46,14575.0,14635.0,14740.0,14325.0,1560.0,22476820.0,1208.0,-17.04,18500.0000(2025-03-06),13670.0000(2024-09-11),ciągłe
MBANK,mBank S.A. (MBK),786.8,2025-06-11,14:09:47,805.8,805.8,811.0,783.2,11069.0,8769447.0,1875.0,33.03,868.6000(2025-04-24),530.0000(2024-11-28),ciągłe
ORANGEPL,Orange Polska S.A. (OPL),9.708,2025-06-11,14:09:49,9.952,9.86,9.876,9.684,310626.0,3031291.0,1506.0,22.28,9.9520(2025-06-10),7.1500(2025-01-14),ciągłe
PEKAO,Bank Polska Kasa Opieki SA (PEO),178.4,2025-06-11,14:09:51,179.7,179.75,180.15,176.2,233386.0,41512860.0,3064.0,15.53,192.6000(2025-04-29),135.6500(2024-11-29),ciągłe
PEPCO,Pepco Group NV (PCO),18.765,2025-06-11,14:09:53,17.79,17.89,18.91,17.615,3584587.0,66055120.0,8194.0,-21.54,24.1300(2024-06-12),14.0250(2025-04-04),ciągłe
PGE,Polska Grupa Energetyczna SA (PGE),10.625,2025-06-11,14:09:55,10.61,10.65,10.715,10.515,1511942.0,16075445.0,3175.0,61.29,10.6100(2025-06-10),5.8440(2024-12-19),ciągłe
PKNORLEN,ORLEN SA (PKN),76.41,2025-06-11,14:09:57,77.8,77.5,77.87,75.95,1460258.0,111722528.0,9452.0,22.61,77.8000(2025-06-10),46.3200(2024-12-17),ciągłe
PKOBP,Powszechna Kasa Oszczędności Bank Polski SA (PKO),72.06,2025-06-11,14:10:00,72.88,72.9,72.9,71.74,1068771.0,77153520.0,4373.0,28.16,80.0400(2025-03-18),49.8400(2024-08-07),ciągłe
PZU,Powszechny Zakład Ubezpieczeń SA (PZU),62.44,2025-06-11,14:10:02,62.94,62.9,63.36,61.7,693352.0,43151496.0,3997.0,29.73,63.3200(2025-05-16),39.1500(2024-09-16),ciągłe
SANPL,Santander Bank Polska SA (SPL),474.2,2025-06-11,14:10:05,479.8,480.0,481.4,471.7,22200.0,10538523.0,1895.0,-3.39,621.0000(2025-04-25),437.2000(2024-11-29),ciągłe
ZABKA,Grupa Żabka SA (ZAB),21.65,2025-06-11,14:10:06,21.69,21.78,21.78,21.36,703401.0,15185231.0,2483.0,-,24.7450(2025-01-17),17.9000(2024-11-25),ciągłe
ALIOR,Alior Bank SA (ALR),99.3,2025-06-11,14:40:15,99.76,100.0,100.35,98.18,124337.0,12303976.0,2070.0,9.94,123.1500(2025-04-01),85.8600(2024-11-19),ciągłe
ALLEGRO,Allegro.eu SA (ALE),34.295,2025-06-11,14:40:17,34.02,34.16,34.6,33.865,1975587.0,67649528.0,8343.0,-8.04,39.1450(2024-08-16),25.6700(2025-01-13),ciągłe
BUDIMEX,Budimex SA (BDX),580.0,2025-06-11,14:40:23,580.6,590.0,590.0,573.6,35713.0,20641802.0,2702.0,-13.06,709.0000(2024-06-24),440.4000(2024-12-17),ciągłe
CCC,CCC S.A. (CCC),198.2,2025-06-11,14:40:25,198.55,198.55,199.0,193.0,337049.0,66093460.0,5118.0,47.36,244.5000(2025-04-29),114.5000(2024-07-02),ciągłe
CDPROJEKT,CD Projekt SA (CDR),265.5,2025-06-11,14:40:28,269.5,266.0,268.1,261.0,171529.0,45397688.0,5548.0,97.47,269.5000(2025-06-10),132.9500(2024-06-13),ciągłe
DINOPL,Dino Polska SA (DNP),524.0,2025-06-11,14:40:30,531.4,533.0,533.0,512.2,88662.0,46311012.0,3508.0,34.53,556.2000(2025-05-08),303.3000(2024-09-16),ciągłe
KETY,Grupa Kęty SA (KTY),855.0,2025-06-11,14:40:32,892.0,894.0,894.0,823.0,19431.0,16531453.0,2935.0,-0.94,906.5000(2024-06-24),664.0000(2024-10-30),ciągłe
KGHM,KGHM Polska Miedź SA (KGH),129.6,2025-06-11,14:40:33,129.6,129.6,130.0,127.85,391971.0,50547356.0,3861.0,-9.57,163.7000(2024-09-26),106.5000(2025-04-09),ciągłe
KRUK,Kruk SA (KRU),402.2,2025-06-11,14:40:35,411.2,412.9,413.0,401.2,24356.0,9852719.0,2527.0,-7.4,476.8000(2024-07-09),352.0000(2025-04-09),ciągłe
LPP,LPP SA (LPP),14545.0,2025-06-11,14:40:37,14575.0,14635.0,14740.0,14325.0,1927.0,27786824.0,1469.0,-17.04,18500.0000(2025-03-06),13670.0000(2024-09-11),ciągłe
MBANK,mBank S.A. (MBK),789.4,2025-06-11,14:40:39,805.8,805.8,811.0,783.2,12729.0,10078223.0,2134.0,33.03,868.6000(2025-04-24),530.0000(2024-11-28),ciągłe
ORANGEPL,Orange Polska S.A. (OPL),9.724,2025-06-11,14:40:40,9.952,9.86,9.876,9.682,405351.0,3950397.0,1733.0,22.28,9.9520(2025-06-10),7.1500(2025-01-14),ciągłe
PEKAO,Bank Polska Kasa Opieki SA (PEO),178.9,2025-06-11,14:40:42,179.7,179.75,180.15,176.2,255444.0,45453072.0,3362.0,15.53,192.6000(2025-04-29),135.6500(2024-11-29),ciągłe
PEPCO,Pepco Group NV (PCO),18.79,2025-06-11,14:40:44,17.79,17.89,18.91,17.615,3749439.0,69151576.0,9034.0,-21.54,24.1300(2024-06-12),14.0250(2025-04-04),ciągłe
PGE,Polska Grupa Energetyczna SA (PGE),10.66,2025-06-11,14:40:45,10.61,10.65,10.715,10.515,1641158.0,17448154.0,3460.0,61.29,10.6100(2025-06-10),5.8440(2024-12-19),ciągłe
PKNORLEN,ORLEN SA (PKN),76.44,2025-06-11,14:40:47,77.8,77.5,77.87,75.95,1516706.0,116030416.0,9926.0,22.61,77.8000(2025-06-10),46.3200(2024-12-17),ciągłe
PKOBP,Powszechna Kasa Oszczędności Bank Polski SA (PKO),72.34,2025-06-11,14:40:48,72.88,72.9,72.9,71.74,1186477.0,85644808.0,4859.0,28.16,80.0400(2025-03-18),49.8400(2024-08-07),ciągłe
PZU,Powszechny Zakład Ubezpieczeń SA (PZU),62.6,2025-06-11,14:40:50,62.94,62.9,63.36,61.7,744000.0,46315504.0,4320.0,29.73,63.3200(2025-05-16),39.1500(2024-09-16),ciągłe
SANPL,Santander Bank Polska SA (SPL),474.6,2025-06-11,14:40:58,479.8,480.0,481.4,471.7,25726.0,12208213.0,2178.0,-3.39,621.0000(2025-04-25),437.2000(2024-11-29),ciągłe
ZABKA,Grupa Żabka SA (ZAB),21.87,2025-06-11,14:41:07,21.69,21.78,21.87,21.36,830540.0,17951456.0,2824.0,-,24.7450(2025-01-17),17.9000(2024-11-25),ciągłe
ALIOR,Alior Bank SA (ALR),99.0,2025-06-11,15:11:16,99.76,100.0,100.35,98.18,136239.0,13484414.0,2358.0,9.61,123.1500(2025-04-01),85.8600(2024-11-19),ciągłe
ALLEGRO,Allegro.eu SA (ALE),34.205,2025-06-11,15:11:18,34.02,34.16,34.6,33.865,2213999.0,75814832.0,9360.0,-8.29,39.1450(2024-08-16),25.6700(2025-01-13),ciągłe
BUDIMEX,Budimex SA (BDX),580.2,2025-06-11,15:11:19,580.6,590.0,590.0,573.6,46911.0,27147842.0,3408.0,-12.76,709.0000(2024-06-24),440.4000(2024-12-17),ciągłe
CCC,CCC S.A. (CCC),199.0,2025-06-11,15:11:21,198.55,198.55,200.8,193.0,384591.0,75575352.0,5747.0,47.96,244.5000(2025-04-29),114.5000(2024-07-02),ciągłe
CDPROJEKT,CD Projekt SA (CDR),265.8,2025-06-11,15:11:23,269.5,266.0,268.1,261.0,184614.0,48876504.0,5963.0,97.69,269.5000(2025-06-10),132.9500(2024-06-13),ciągłe
DINOPL,Dino Polska SA (DNP),523.6,2025-06-11,15:11:25,531.4,533.0,533.0,512.2,96461.0,50396932.0,3797.0,34.43,556.2000(2025-05-08),303.3000(2024-09-16),ciągłe
KETY,Grupa Kęty SA (KTY),855.5,2025-06-11,15:11:26,892.0,894.0,894.0,823.0,19969.0,16992736.0,3090.0,0.12,906.5000(2024-06-24),664.0000(2024-10-30),ciągłe
KGHM,KGHM Polska Miedź SA (KGH),129.4,2025-06-11,15:11:28,129.6,129.6,130.0,127.85,438156.0,56539684.0,4243.0,-8.97,163.7000(2024-09-26),106.5000(2025-04-09),ciągłe
KRUK,Kruk SA (KRU),403.4,2025-06-11,15:11:30,411.2,412.9,413.0,401.2,26914.0,10884015.0,2780.0,-7.31,476.8000(2024-07-09),352.0000(2025-04-09),ciągłe
LPP,LPP SA (LPP),14585.0,2025-06-11,15:11:31,14575.0,14635.0,14740.0,14325.0,2259.0,32631000.0,1743.0,-15.89,18500.0000(2025-03-06),13670.0000(2024-09-11),ciągłe
MBANK,mBank S.A. (MBK),782.8,2025-06-11,15:11:36,805.8,805.8,811.0,782.8,14387.0,11383920.0,2362.0,33.13,868.6000(2025-04-24),530.0000(2024-11-28),ciągłe
ORANGEPL,Orange Polska S.A. (OPL),9.718,2025-06-11,15:11:38,9.952,9.86,9.876,9.682,438682.0,4275063.0,1924.0,22.45,9.9520(2025-06-10),7.1500(2025-01-14),ciągłe
PEKAO,Bank Polska Kasa Opieki SA (PEO),178.5,2025-06-11,15:11:39,179.7,179.75,180.15,176.2,280077.0,49858284.0,3732.0,16.18,192.6000(2025-04-29),135.6500(2024-11-29),ciągłe
PEPCO,Pepco Group NV (PCO),18.865,2025-06-11,15:11:41,17.79,17.89,18.91,17.615,3964131.0,73195176.0,9948.0,-21.19,24.1300(2024-06-12),14.0250(2025-04-04),ciągłe
PGE,Polska Grupa Energetyczna SA (PGE),10.65,2025-06-11,15:11:43,10.61,10.65,10.715,10.515,1775227.0,18878268.0,3768.0,61.36,10.6100(2025-06-10),5.8440(2024-12-19),ciągłe
PKNORLEN,ORLEN SA (PKN),76.48,2025-06-11,15:11:45,77.8,77.5,77.87,75.95,1622077.0,124092624.0,10799.0,22.8,77.8000(2025-06-10),46.3200(2024-12-17),ciągłe
PKOBP,Powszechna Kasa Oszczędności Bank Polski SA (PKO),72.18,2025-06-11,15:11:46,72.88,72.9,72.9,71.74,1282472.0,92582672.0,5379.0,28.52,80.0400(2025-03-18),49.8400(2024-08-07),ciągłe
PZU,Powszechny Zakład Ubezpieczeń SA (PZU),62.64,2025-06-11,15:11:48,62.94,62.9,63.36,61.7,811439.0,50546292.0,4743.0,30.31,63.3200(2025-05-16),39.1500(2024-09-16),ciągłe
SANPL,Santander Bank Polska SA (SPL),474.1,2025-06-11,15:11:54,479.8,480.0,481.4,471.7,31697.0,15043973.0,2474.0,-3.06,621.0000(2025-04-25),437.2000(2024-11-29),ciągłe
ZABKA,Grupa Żabka SA (ZAB),21.79,2025-06-11,15:11:56,21.69,21.78,21.9,21.36,893429.0,19323882.0,3060.0,-,24.7450(2025-01-17),17.9000(2024-11-25),ciągłe
ALIOR,Alior Bank SA (ALR),98.44,2025-06-11,15:42:05,99.76,100.0,100.35,98.18,154413.0,15278994.0,2645.0,8.99,123.1500(2025-04-01),85.8600(2024-11-19),ciągłe
ALLEGRO,Allegro.eu SA (ALE),34.085,2025-06-11,15:42:07,34.02,34.16,34.6,33.865,2431792.0,83254040.0,10389.0,-8.49,39.1450(2024-08-16),25.6700(2025-01-13),ciągłe
BUDIMEX,Budimex SA (BDX),581.0,2025-06-11,15:42:08,580.6,590.0,590.0,573.6,51798.0,29986714.0,3668.0,-12.76,709.0000(2024-06-24),440.4000(2024-12-17),ciągłe
CCC,CCC S.A. (CCC),197.7,2025-06-11,15:42:10,198.55,198.55,200.8,193.0,404537.0,79522120.0,6104.0,46.99,244.5000(2025-04-29),114.5000(2024-07-02),ciągłe
CDPROJEKT,CD Projekt SA (CDR),266.0,2025-06-11,15:42:12,269.5,266.0,268.1,261.0,194669.0,51550740.0,6302.0,97.92,269.5000(2025-06-10),132.9500(2024-06-13),ciągłe
DINOPL,Dino Polska SA (DNP),523.8,2025-06-11,15:42:14,531.4,533.0,533.0,512.2,102345.0,53478712.0,4037.0,34.48,556.2000(2025-05-08),303.3000(2024-09-16),ciągłe
KETY,Grupa Kęty SA (KTY),851.0,2025-06-11,15:42:16,892.0,894.0,894.0,823.0,20773.0,17677134.0,3283.0,0.12,906.5000(2024-06-24),664.0000(2024-10-30),ciągłe
KGHM,KGHM Polska Miedź SA (KGH),128.65,2025-06-11,15:42:18,129.6,129.6,130.0,127.85,468377.0,60438084.0,4598.0,-8.97,163.7000(2024-09-26),106.5000(2025-04-09),ciągłe
KRUK,Kruk SA (KRU),402.8,2025-06-11,15:42:20,411.2,412.9,413.0,401.2,27677.0,11191691.0,2931.0,-7.31,476.8000(2024-07-09),352.0000(2025-04-09),ciągłe
LPP,LPP SA (LPP),14515.0,2025-06-11,15:42:21,14575.0,14635.0,14740.0,14325.0,2637.0,38139164.0,2044.0,-15.89,18500.0000(2025-03-06),13670.0000(2024-09-11),ciągłe
MBANK,mBank S.A. (MBK),778.6,2025-06-11,15:42:23,805.8,805.8,811.0,778.0,15224.0,12037996.0,2567.0,33.13,868.6000(2025-04-24),530.0000(2024-11-28),ciągłe
ORANGEPL,Orange Polska S.A. (OPL),9.668,2025-06-11,15:42:26,9.952,9.86,9.876,9.664,478052.0,4656642.0,2146.0,22.45,9.9520(2025-06-10),7.1500(2025-01-14),ciągłe
PEKAO,Bank Polska Kasa Opieki SA (PEO),178.1,2025-06-11,15:42:28,179.7,179.75,180.15,176.2,311855.0,55529528.0,4170.0,16.18,192.6000(2025-04-29),135.6500(2024-11-29),ciągłe
PEPCO,Pepco Group NV (PCO),18.75,2025-06-11,15:42:29,17.79,17.89,18.91,17.615,4140304.0,76507856.0,10730.0,-21.23,24.1300(2024-06-12),14.0250(2025-04-04),ciągłe
PGE,Polska Grupa Energetyczna SA (PGE),10.59,2025-06-11,15:42:31,10.61,10.65,10.715,10.515,1983823.0,21093748.0,4194.0,61.36,10.6100(2025-06-10),5.8440(2024-12-19),ciągłe
PKNORLEN,ORLEN SA (PKN),76.48,2025-06-11,15:42:33,77.8,77.5,77.87,75.95,1717677.0,131413176.0,11495.0,22.8,77.8000(2025-06-10),46.3200(2024-12-17),ciągłe
PKOBP,Powszechna Kasa Oszczędności Bank Polski SA (PKO),71.84,2025-06-11,15:42:34,72.88,72.9,72.9,71.74,1456991.0,105166136.0,6081.0,28.48,80.0400(2025-03-18),49.8400(2024-08-07),ciągłe
PZU,Powszechny Zakład Ubezpieczeń SA (PZU),62.3,2025-06-11,15:42:36,62.94,62.9,63.36,61.7,895547.0,55804028.0,5197.0,30.31,63.3200(2025-05-16),39.1500(2024-09-16),ciągłe
SANPL,Santander Bank Polska SA (SPL),472.9,2025-06-11,15:42:38,479.8,480.0,481.4,471.7,35280.0,16741619.0,2671.0,-3.06,621.0000(2025-04-25),437.2000(2024-11-29),ciągłe
ZABKA,Grupa Żabka SA (ZAB),21.67,2025-06-11,15:42:40,21.69,21.78,21.9,21.36,935404.0,20236220.0,3229.0,-,24.7450(2025-01-17),17.9000(2024-11-25),ciągłe
ALIOR,Alior Bank SA (ALR),99.06,2025-06-11,16:12:48,99.76,100.0,100.35,98.18,171260.0,16940414.0,2908.0,9.68,123.1500(2025-04-01),85.8600(2024-11-19),ciągłe
ALLEGRO,Allegro.eu SA (ALE),34.1,2025-06-11,16:12:50,34.02,34.16,34.6,33.865,2714131.0,92877472.0,11702.0,-8.57,39.1450(2024-08-16),25.6700(2025-01-13),ciągłe
BUDIMEX,Budimex SA (BDX),584.4,2025-06-11,16:12:52,580.6,590.0,590.0,573.6,66301.0,38443708.0,4552.0,-12.16,709.0000(2024-06-24),440.4000(2024-12-17),ciągłe
CCC,CCC S.A. (CCC),198.8,2025-06-11,16:12:53,198.55,198.55,200.8,193.0,431097.0,84795216.0,6520.0,47.81,244.5000(2025-04-29),114.5000(2024-07-02),ciągłe
CDPROJEKT,CD Projekt SA (CDR),266.2,2025-06-11,16:12:56,269.5,266.0,268.1,261.0,209368.0,55462284.0,6723.0,98.14,269.5000(2025-06-10),132.9500(2024-06-13),ciągłe
DINOPL,Dino Polska SA (DNP),524.6,2025-06-11,16:13:01,531.4,533.0,533.0,512.2,110746.0,57885360.0,4373.0,34.58,556.2000(2025-05-08),303.3000(2024-09-16),ciągłe
KETY,Grupa Kęty SA (KTY),854.0,2025-06-11,16:13:03,892.0,894.0,894.0,823.0,21414.0,18222704.0,3369.0,0.12,906.5000(2024-06-24),664.0000(2024-10-30),ciągłe
KGHM,KGHM Polska Miedź SA (KGH),128.55,2025-06-11,16:13:04,129.6,129.6,130.0,127.85,506076.0,65291336.0,5016.0,-8.97,163.7000(2024-09-26),106.5000(2025-04-09),ciągłe
KRUK,Kruk SA (KRU),403.3,2025-06-11,16:13:06,411.2,412.9,413.0,401.2,28968.0,11711095.0,3124.0,-7.31,476.8000(2024-07-09),352.0000(2025-04-09),ciągłe
LPP,LPP SA (LPP),14515.0,2025-06-11,16:13:11,14575.0,14635.0,14740.0,14325.0,3288.0,47601136.0,2420.0,-15.89,18500.0000(2025-03-06),13670.0000(2024-09-11),ciągłe
MBANK,mBank S.A. (MBK),780.8,2025-06-11,16:13:16,805.8,805.8,811.0,776.2,16581.0,13095061.0,2847.0,33.13,868.6000(2025-04-24),530.0000(2024-11-28),ciągłe
ORANGEPL,Orange Polska S.A. (OPL),9.678,2025-06-11,16:13:21,9.952,9.86,9.876,9.624,520650.0,5067741.0,2343.0,22.45,9.9520(2025-06-10),7.1500(2025-01-14),ciągłe
PEKAO,Bank Polska Kasa Opieki SA (PEO),178.85,2025-06-11,16:13:24,179.7,179.75,180.15,176.2,341140.0,60754276.0,4636.0,16.18,192.6000(2025-04-29),135.6500(2024-11-29),ciągłe
PEPCO,Pepco Group NV (PCO),18.625,2025-06-11,16:13:26,17.79,17.89,18.91,17.615,4482511.0,82927944.0,11817.0,-21.23,24.1300(2024-06-12),14.0250(2025-04-04),ciągłe
PGE,Polska Grupa Energetyczna SA (PGE),10.59,2025-06-11,16:13:27,10.61,10.65,10.715,10.515,2281262.0,24236976.0,4662.0,61.36,10.6100(2025-06-10),5.8440(2024-12-19),ciągłe
PKNORLEN,ORLEN SA (PKN),76.75,2025-06-11,16:13:29,77.8,77.5,77.87,75.95,1804561.0,138069360.0,12226.0,22.8,77.8000(2025-06-10),46.3200(2024-12-17),ciągłe
PKOBP,Powszechna Kasa Oszczędności Bank Polski SA (PKO),72.12,2025-06-11,16:13:31,72.88,72.9,72.9,71.74,1621630.0,117008224.0,6834.0,28.48,80.0400(2025-03-18),49.8400(2024-08-07),ciągłe
PZU,Powszechny Zakład Ubezpieczeń SA (PZU),62.52,2025-06-11,16:13:34,62.94,62.9,63.36,61.7,993339.0,61906416.0,5677.0,30.31,63.3200(2025-05-16),39.1500(2024-09-16),ciągłe
SANPL,Santander Bank Polska SA (SPL),474.6,2025-06-11,16:13:36,479.8,480.0,481.4,471.7,45029.0,21365320.0,3077.0,-3.06,621.0000(2025-04-25),437.2000(2024-11-29),ciągłe
ZABKA,Grupa Żabka SA (ZAB),21.75,2025-06-11,16:13:38,21.69,21.78,21.9,21.36,1029286.0,22272374.0,3542.0,-,24.7450(2025-01-17),17.9000(2024-11-25),ciągłe
ALIOR,Alior Bank SA (ALR),99.32,2025-06-11,16:43:47,99.76,100.0,100.35,98.18,195054.0,19296214.0,3323.0,9.96,123.1500(2025-04-01),85.8600(2024-11-19),ciągłe
ALLEGRO,Allegro.eu SA (ALE),34.265,2025-06-11,16:43:48,34.02,34.16,34.6,33.865,3178859.0,108744560.0,13595.0,-8.12,39.1450(2024-08-16),25.6700(2025-01-13),ciągłe
BUDIMEX,Budimex SA (BDX),587.2,2025-06-11,16:43:50,580.6,590.0,590.0,573.6,73282.0,42527200.0,5084.0,-12.16,709.0000(2024-06-24),440.4000(2024-12-17),ciągłe
CCC,CCC S.A. (CCC),200.1,2025-06-11,16:43:52,198.55,198.55,200.8,193.0,461905.0,90929464.0,7057.0,48.03,244.5000(2025-04-29),114.5000(2024-07-02),ciągłe
CDPROJEKT,CD Projekt SA (CDR),267.3,2025-06-11,16:43:53,269.5,266.0,268.1,261.0,232796.0,61709212.0,7380.0,99.03,269.5000(2025-06-10),132.9500(2024-06-13),ciągłe
DINOPL,Dino Polska SA (DNP),525.0,2025-06-11,16:43:55,531.4,533.0,533.0,512.2,123039.0,64335652.0,4760.0,34.79,556.2000(2025-05-08),303.3000(2024-09-16),ciągłe
KETY,Grupa Kęty SA (KTY),854.5,2025-06-11,16:43:57,892.0,894.0,894.0,823.0,22153.0,18856132.0,3523.0,0.06,906.5000(2024-06-24),664.0000(2024-10-30),ciągłe
KGHM,KGHM Polska Miedź SA (KGH),128.65,2025-06-11,16:43:58,129.6,129.6,130.0,127.85,562982.0,72597160.0,5595.0,-9.78,163.7000(2024-09-26),106.5000(2025-04-09),ciągłe
KRUK,Kruk SA (KRU),403.9,2025-06-11,16:44:00,411.2,412.9,413.0,401.2,30760.0,12434757.0,3368.0,-7.26,476.8000(2024-07-09),352.0000(2025-04-09),ciągłe
LPP,LPP SA (LPP),14525.0,2025-06-11,16:44:02,14575.0,14635.0,14740.0,14325.0,3640.0,52699624.0,2695.0,-16.64,18500.0000(2025-03-06),13670.0000(2024-09-11),ciągłe
MBANK,mBank S.A. (MBK),784.4,2025-06-11,16:44:04,805.8,805.8,811.0,776.2,19253.0,15187948.0,3261.0,32.32,868.6000(2025-04-24),530.0000(2024-11-28),ciągłe
ORANGEPL,Orange Polska S.A. (OPL),9.764,2025-06-11,16:44:06,9.952,9.86,9.876,9.624,574187.0,5588093.0,2569.0,22.1,9.9520(2025-06-10),7.1500(2025-01-14),ciągłe
PEKAO,Bank Polska Kasa Opieki SA (PEO),180.0,2025-06-11,16:44:07,179.7,179.75,180.45,176.2,387526.0,69065832.0,5297.0,16.02,192.6000(2025-04-29),135.6500(2024-11-29),ciągłe
PEPCO,Pepco Group NV (PCO),18.64,2025-06-11,16:44:09,17.79,17.89,18.91,17.615,4633753.0,85748440.0,12490.0,-22.11,24.1300(2024-06-12),14.0250(2025-04-04),ciągłe
PGE,Polska Grupa Energetyczna SA (PGE),10.665,2025-06-11,16:44:12,10.61,10.65,10.715,10.515,2637727.0,28024850.0,5257.0,61.06,10.6100(2025-06-10),5.8440(2024-12-19),ciągłe
PKNORLEN,ORLEN SA (PKN),76.99,2025-06-11,16:44:13,77.8,77.5,77.87,75.95,1964646.0,150379952.0,13296.0,23.39,77.8000(2025-06-10),46.3200(2024-12-17),ciągłe
PKOBP,Powszechna Kasa Oszczędności Bank Polski SA (PKO),72.64,2025-06-11,16:44:15,72.88,72.9,72.9,71.74,1818620.0,131259456.0,7686.0,28.34,80.0400(2025-03-18),49.8400(2024-08-07),ciągłe
PZU,Powszechny Zakład Ubezpieczeń SA (PZU),62.7,2025-06-11,16:44:16,62.94,62.9,63.36,61.7,1113958.0,69453600.0,6292.0,29.98,63.3200(2025-05-16),39.1500(2024-09-16),ciągłe
SANPL,Santander Bank Polska SA (SPL),473.8,2025-06-11,16:44:19,479.8,480.0,481.4,471.7,57875.0,27455226.0,3720.0,-3.21,621.0000(2025-04-25),437.2000(2024-11-29),ciągłe
ZABKA,Grupa Żabka SA (ZAB),21.82,2025-06-11,16:44:21,21.69,21.78,21.9,21.36,1108153.0,23987962.0,3806.0,-,24.7450(2025-01-17),17.9000(2024-11-25),ciągłe
